0,1,2
-13.222026584016493,-2.0319221151692117,-1.181234744332338
22.040254714119836,4.401790542655778,-0.3549906940060243
7.165361692475001,-2.5083207272881007,-0.624637674453744
13.428369487901367,-1.946032477309527,2.6502601029602233
-13.222026584016417,-2.031922115169186,-1.1812347443323352
-6.931182271727721,-1.3956334274573836,-1.1742912567472674
12.039474726468924,-3.6183360641906446,-0.7172974405491719
-25.048226824598004,4.740075006174593,-1.2687171915749358
-29.281313453147263,-0.46493913691760086,-0.6593993676651038
54.46543488528508,-11.003007691056535,0.15632777641662404
17.903875718102995,-4.903541456954379,-1.7962287065962612
54.46543488528508,-11.003007691056535,0.15632777641662404
12.269188582386507,-2.579816522644301,-2.923424938453882
-18.540913639671267,-2.906271864090362,-0.8525636600483968
104.05896676670929,13.640488075662649,1.5410118829943755
106.76799813477486,12.009874223682402,1.5473125072126346
59.32844717057394,6.282883325711067,0.4045120026058443
9.331867505128509,-1.9924587197097943,-0.427991388104438
-19.166161291860263,-5.803743279492469,-0.6053441748717505
9.549047562822606,-1.0018465704058803,-0.47889636193568863
16.07027867574469,9.805517971315112,0.6701198967716946
25.50426740632514,1.5770126409378569,-0.653468141867057
-10.520063795075536,-3.6784875920551356,-0.7677797192250846
18.534108470403524,-11.22724415176963,-0.06155697017933688
-5.178370035420175,6.440492458409924,-1.2448607743073508
-23.951382966258908,0.3942323619556244,-2.3240622063194896
-37.197131882660514,-3.830147267315718,-1.1007387702927782
-10.520063795075536,-3.6784875920551356,-0.7677797192250846
-11.587945847342295,0.681865646360913,-1.4057006685390037
-31.449073085160517,-1.0095893861465524,-0.7561219082709925
34.92744941455387,-6.653643467446508,-1.6441032155983328
-7.891320171067033,8.086448272289163,-1.2473218920563776
64.72681451767056,-15.432742994233543,-0.1929191151171645
41.00737269415479,15.646719724303914,1.4331850479328934
2.840226856777143,-3.5350704579524805,-3.2344678160846856
-30.12276364693957,-4.336806588469267,0.1739392809879423
-33.52190899108869,-5.647901424295512,-0.7694920690418329
-16.7000736214037,0.8058817800014617,-0.24994876328787508
-28.723571460900907,-2.620829990993057,-3.0598403910938914
38.735613196560436,-12.59371558180357,-0.1724622918941645
38.735613196560436,-12.59371558180357,-0.1724622918941645
-0.19664535959910215,1.155190585560262,0.4905637176213732
-33.39773034909526,-0.5485088866401331,-0.8607893049673622
-24.39930185554368,-1.5760493000380766,-0.45161527648359906
-36.973381389315875,-2.835085393120236,-1.877916911156164
16.366720428475148,-11.629056897705484,-4.084769004635774
67.24124165163994,-8.821891555416698,-0.6185650006664799
-10.087360128804761,-1.7477568560879708,0.0491822209010266
-35.99510067684106,-3.0515369550775246,-2.2731461037918255
47.49631138354265,-14.59191905185119,-3.018800194727154
-25.495242803018,-6.491390955660304,0.01693552095645721
-32.41314820611417,-0.765502402065113,-1.8197983380382352
-33.82739136807504,-2.4981769454548552,-1.8856964581048308
73.87028846855067,-2.123008415500409,0.6198106514033634
29.64106996027792,10.914940053119427,-0.2639828222727382
0.5882528935343401,9.228640400851422,-0.08042267326541401
-38.17541277726339,-3.6558249708644506,1.8596822853850152
69.49131244440883,19.401089733495013,0.5501256252385001
7.601693883540149,-0.5545268332871595,-0.588190366016973
-1.9511202131242467,-6.589708381319989,-1.0868143921339397
6.086123040135723,1.7966904111290884,0.42769309474139855
64.84802324045454,-10.337439912663088,-0.760130063918087
-12.03738541319824,-1.2539229653365562,-0.9179381403711938
6.729906546679284,-4.442599411418379,-1.517833153742804
-37.17892423650488,-3.768107145654085,-0.7626856032190102
-37.17892423650488,-3.768107145654085,-0.7626856032190102
-8.349043820371419,-3.1303429343783593,-1.1925725607933233
-32.859936428114835,-2.7154869852511956,-2.1460716470492884
20.50639166777752,6.760347899305522,0.9659906136267237
-28.528484740806977,-1.6619577358620128,-0.6116076997077986
-19.1830664255851,3.40598504043062,-0.730417671530773
48.58193543877459,-9.754149709251028,-0.7566094793039962
46.84772725915813,-8.34350753047885,-0.7917220186947987
-4.4391143141452645,-4.03669855900142,-0.3029347229269694
38.29617133499632,3.7762829412186343,1.5283231600673768
-5.867347814382724,-5.74831006417547,0.202174174817504
-5.867347814382724,-5.74831006417547,0.202174174817504
-16.47270117844328,1.8194201942717867,-1.533834105203178
31.878410937116907,-11.096678937506116,-1.8552253290715597
73.20902705584571,-5.073921078087537,-0.206880399465618
-33.504574652541926,-5.653521931943779,-2.513939973291384
21.380308650236444,1.4613468791204838,-0.5178021412511695
27.020444273938356,-0.8197467274656156,-0.9313727810043635
4.458649931315326,-0.8766303176565179,-1.1692616023906948
14.648862129771521,-1.0652854715874414,-2.0572962399932972
-5.615974524558519,4.481737213311424,-1.4223832769000309
88.25154776988019,-15.588994065699268,0.1709671876620357
-16.589840829743757,-3.3307289773151116,-0.9069751236218389
80.58718846106275,0.43941448605153144,1.1236623084899666
-23.63116686695803,-2.7666761220966114,-1.616167748531284
96.97975643417705,4.989695822842889,-0.15372519148534142
88.25154776988019,-15.588994065699268,0.1709671876620357
85.11151424767631,-15.919550961380605,0.12330747398760604
-16.589840829743757,-3.3307289773151116,-0.9069751236218389
43.110483513688436,16.11931995956602,-3.180449275155486
58.332665040773925,-11.805389130240398,-3.655784507189523
-24.6059811368194,-2.5049506068920695,-1.5369959239176416
-26.67624638297568,-7.2008402725926315,-1.6340771939952543
-37.94968130024783,-2.6239954795084235,-0.9266275619337596
-11.814685464841684,-0.312273607504677,-0.3677445327794012
2.375551170591449,-5.530588930886946,-0.2180173903539988
-25.599727787669188,-2.3158847751513987,-0.7825506363584606
-11.814685464841684,-0.312273607504677,-0.3677445327794012
17.24133706743926,-7.859640337306436,-0.4306181001790571
-12.579992391504978,-8.313719535932826,-1.3764485363886156
17.24133706743926,-7.859640337306436,-0.4306181001790571
22.45515252045313,-2.880940496431179,-0.6499320507572929
16.92983703085148,-4.672459546101641,-2.2929127620091694
33.18671361018251,-5.266891404445852,-0.22856597643545642
108.57029841206403,-2.7393110318935197,-0.024337759427658003
-0.3232712339562512,-3.9120752130703726,-0.7820782495203196
58.971562783438294,-18.242745318834984,-0.20117378230034327
62.5551247923497,-15.973649705512633,-0.14287931064004122
0.87406613301359,6.024061148054788,1.816671003474945
-0.3232712339562512,-3.9120752130703726,-0.7820782495203196
14.51351965694743,-6.227788298736716,0.899625777888685
-7.381633043209269,-3.3470705692376423,-0.256329851617587
-19.957373548358923,-4.617142232514003,-0.7631910924861551
8.87945852191767,-3.9183533790830984,0.3075280821353347
42.845788226787384,-3.325115445738787,-1.3371626147724391
40.22261173936715,-15.051328961059683,-1.3824361103575324
8.87945852191767,-3.9183533790830984,0.3075280821353347
-35.454846691323304,-5.2316960079538015,-1.2386305129418123
-13.220272136973364,-2.037244178865307,-0.41356542236145377
55.30633328423133,-7.173606724080328,-0.7324642603205279
44.907421934337805,1.2766358047031159,0.6337737730414766
-36.45353963498851,-5.019528144783882,-0.688788735484229
-36.45206632259257,-5.016000944018662,-0.7564851280508119
-32.55499685237512,-5.870903240837321,-0.6671116478203349
-28.944301554496622,-3.5954125340741694,-2.506229401704207
88.50055564998594,-5.403749231447056,-0.2426692151546761
51.5011530301987,-10.305239988519043,-2.850169339006126
51.5011530301987,-10.305239988519043,-2.850169339006126
-19.719727288511884,5.602209331391737,-1.8652776777783973
-17.670426186026265,1.0212253261414017,-0.5191319866434566
16.15943851375694,-3.52477011711351,-0.13543090281695264
4.11431124131335,-6.9688421041583215,-0.3637092545833891
-2.048611295286211,-2.486455106519726,-1.2693657882926628
56.92460616390039,-13.676199266901794,-0.7099120546872628
60.288459101618834,-12.383473095324769,-0.7004819950594701
16.15943851375694,-3.52477011711351,-0.13543090281695264
4.11431124131335,-6.9688421041583215,-0.3637092545833891
18.55296199340871,7.356502928192349,-3.1116077390906876
-28.627266422154126,-6.745849545031,-2.4057518614604994
18.55296199340871,7.356502928192349,-3.1116077390906876
95.76558629373125,-4.989964875528986,-0.16623826364352232
47.51180301007199,-5.3649214799597,-2.612803842418417
39.24224107600989,-14.83619499817758,-1.0919504794690305
-16.908769851587483,-0.14183204051776613,-1.4671195767508947
-4.449469674549667,-3.9836322048345383,-0.1115955171768966
-36.98327049560534,-2.8215945643983678,-1.2319045466533207
25.52924316634973,10.74559263746495,1.4271347177741671
53.25452821899708,-2.597909679180018,-0.910036599952316
53.25452821899708,-2.597909679180018,-0.910036599952316
83.43196476946943,-5.2064234570997385,-0.1791870408197532
82.23743995712599,-5.962791858783236,-0.19837467676474732
83.43196476946943,-5.2064234570997385,-0.1791870408197532
82.23743995712599,-5.962791858783236,-0.19837467676474732
-24.706154570374824,1.5784398306992764,-1.3454118896847553
39.04474397477327,-6.561342703039984,-1.5842168499235803
-27.758263959964438,-2.871209149173267,-1.0225011527346999
-27.319731501869285,-0.9451690579963115,-1.2114262983764785
-14.84824793386194,4.484079682820326,-0.6744795603110301
77.17929938496601,3.367500095623924,0.783980487158898
76.96019116147606,2.393579919599207,0.6409439814922748
47.921398418242234,-12.687647376151373,-0.8044156733445162
53.680174831200496,-9.84091955991629,-1.632535036652183
-4.098702054259313,2.049906622390523,-1.2850803936720903
-3.4706037847088975,-4.17791600283491,-1.6690129659956547
15.946123332078216,-4.481598534938181,-0.9994281061762659
-40.11905182078462,-3.1983656044793887,-0.8990849339705879
-29.93287922289645,-3.4116100236745894,-0.5617532898876236
-29.93287922289645,-3.4116100236745894,-0.5617532898876236
-2.589253022729175,8.937033281486203,-0.9310513535278114
-13.120984650762777,-6.147291877634187,-1.2998923263330975
3.162836902453877,2.4958537287168268,-1.6064546840486689
-13.120984650762777,-6.147291877634187,-1.2998923263330975
-9.984379303040269,-5.803902445950978,-0.9809951128938592
-27.750397190784007,-2.8500132980117203,-1.4671327315351095
-5.640337370450422,-4.785578980686257,0.2918540448097604
-5.640337370450422,-4.785578980686257,0.2918540448097604
63.547684598646,-7.000486112796441,0.513071811482519
-4.315327315217366,1.1029575386831016,-1.102539278970421
17.027185219030038,-8.804857418251773,-1.7911306254908612
13.440786953090841,-11.059023380202754,-1.8496797703594865
39.80969442689052,1.4028188207525423,0.5792360777833938
19.633779652218486,-6.331551698421361,-1.0646483806739269
-21.46274863829037,-2.227260618285308,-0.7285993536540007
93.99861982050497,-21.99673779654396,-0.6605724882634377
95.41112472674607,-20.266227170269396,-0.6502467513237248
79.70760974741478,-12.642366742827416,0.018797764032685297
3.6007314511568507,4.478843937630874,-1.873344934552686
77.65340631436521,-17.254087220393888,-1.1853576824595458
-19.95195954773832,-4.61779650357704,-0.9586969704924578
-19.95195954773832,-4.61779650357704,-0.9586969704924578
73.5291565283521,-8.185367140102171,-0.5550012194128947
8.142325952868545,-2.708071875232911,-1.076471120563599
-19.865767612408042,0.3982369533150665,2.897772281682218
44.754988951262845,-12.878107809200717,-3.299059082328499
-15.933656961607435,-0.3693039652197669,-1.722628268559647
-23.44854177698498,-1.8171089999735066,0.9014032047671301
101.19917053668502,0.9469485267522614,0.7415218604451007
2.50690264022128,-0.42756727719346904,-1.756780644469404
-7.24828666070091,1.7521035532585794,-1.500798668899605
-9.641643634050615,0.25087037318837835,-1.4743967006577763
-19.55825437745964,-2.7490671284513613,4.282217012252349
-19.55825437745964,-2.7490671284513613,4.282217012252349
73.96574402171048,-6.238408704775457,-0.5712313887030741
47.83032033121206,-8.557147573835806,-0.44863991498243144
-28.768400397868625,-2.69592312277767,2.392535789783498
-29.20667306965571,-4.6007283306200275,0.9501737603099957
13.873938454522808,-9.120217774680931,-0.33599907593590417
-33.1061933070796,-3.8021153391379916,2.8772390867475495
20.73749298701877,7.755534418104607,-0.019366446778647184
-6.616048908541136,-4.526775778518914,-0.6139845202448285
74.97159058874614,-6.378323354176533,-0.2892281999101638
1.8335442430666697,-3.3722848305082853,0.08594777967085178
-6.39204337717696,-3.582840047329488,-0.40248454830588704
-3.686722947552899,-5.194189281673664,-1.1006433054581881
96.94803333634076,-13.431534192527698,-0.4697370696078372
13.033205440206277,5.395600869908554,-0.4251013940962424
24.948635345331006,-5.472681646466773,-1.0453845076635773
-37.95163110139822,-2.619665641697391,-1.9534530290677652
-19.747141618148326,-3.653036125550097,0.01032176991885647
8.13523589213955,-2.7481879180175595,-0.2025129520938366
19.004628584049463,9.202860962655196,-0.3095274740872242
36.123230546501674,3.2615895980961445,0.6948664472262301
-24.398284340251337,-1.6005366725669579,0.5097719861063486
19.004628584049463,9.202860962655196,-0.3095274740872242
-10.51495135195269,-3.6211263972243506,-1.5158626787899105
58.76140140676785,-9.873774069093518,-3.2361877314379113
1.6197455013562214,-4.33606363580981,-0.5676829326879652
11.721450038952078,-0.4600135873971563,0.3275968827019865
-10.51495135195269,-3.6211263972243506,-1.5158626787899105
-11.173472076913159,-6.59977949266909,-0.3023487711128574
-8.663321431135062,0.028457361862916645,-1.2266055725174765
-8.663321431135062,0.028457361862916645,-1.2266055725174765
-7.470064988183238,0.7877165138450837,-1.2153073274555979
-8.663321431135062,0.028457361862916645,-1.2266055725174765
-11.173472076913159,-6.59977949266909,-0.3023487711128574
12.773623834074558,-14.052865905170888,0.11455569509841042
-24.113223948800247,-4.795704716058058,3.2438080261537765
63.66421272031066,-1.8594931846408085,-0.5743130264548777
-23.248893781736783,-0.978120649051562,6.333465346078838
-23.248893781736783,-0.978120649051562,6.333465346078838
-25.054632489488956,-4.477618018795728,-1.28932709224745
4.459858657533795,-0.868315574573069,-1.3744197946163852
24.82833486645106,-10.584579306410562,-0.31085199332661706
-8.791846388631107,-5.069007906996463,-0.9312239401768326
-25.054632489488956,-4.477618018795728,-1.28932709224745
-9.23228019954904,2.1220510010161115,2.1706637533537454
-12.134283602413783,2.8691976394744363,-1.3418564898468637
-27.238128090294484,-5.098843526152945,2.5932444605626124
36.85395384606624,-16.3457990560896,-0.9644447803820417
-12.134283602413783,2.8691976394744363,-1.3418564898468637
71.03128398015149,-14.78547040960279,-0.16874601872098385
-35.032593592871294,-3.3359536812288733,0.7687038925297741
8.469498590994954,-5.8530116837204105,-1.8768353754204397
-3.148592393919372,-7.376062069411963,-0.8902414027615708
-13.566639973775027,1.0965134435687025,1.6957263578803987
-0.9618729130164739,2.370972595348868,-0.5879378958865613
19.201733479178078,-8.280825190584874,-1.6038621688567705
-12.474451697761364,-3.234025287677115,-0.6927612449152122
4.035957866171587,6.3726460778463885,-0.46382710453344
-21.40111236725406,-6.44783296898461,3.713701115185664
-37.773905525559,-1.7285098183992602,3.0689164990605504
16.4135199888953,6.680565957328736,0.06742805258304263
-9.442497856648705,1.3027432627933109,-0.024377953649502772
-20.918890959926056,-4.364081721192269,-1.3530684545419431
-25.50207685662404,-6.504707392995807,3.29216385712299
16.62522829049526,7.704258337330698,0.21514707494756863
-25.50207685662404,-6.504707392995807,3.29216385712299
18.329198638811995,-3.01678369745298,2.8764523935846626
-9.53989732183061,-3.9020675055438714,-0.08541303771337096
48.863397225680785,0.4941650108422017,0.6384773109916864
16.62522829049526,7.704258337330698,0.21514707494756863
-20.918890959926056,-4.364081721192269,-1.3530684545419431
-25.50207685662404,-6.504707392995807,3.29216385712299
-35.0363232675702,-3.2262911573547335,2.885071350619957
-0.7499842541261991,-5.8082359516200075,1.3861004309396998
-28.96478275453884,-3.6932218887356263,3.156698859788349
-37.95088609171276,-2.5915050148798744,-0.34476780298142423
5.544741061970937,-5.212253486570222,-0.6460829000813664
-0.7499842541261991,-5.8082359516200075,1.3861004309396998
27.468821287988483,10.312426927742992,2.010976567213297
27.468821287988483,10.312426927742992,2.010976567213297
4.439722165443865,8.251965951058718,3.593440013295826
9.253882518789684,11.398193243528269,-0.37649512786576605
3.3637012632876737,3.478250832161506,0.5000900704649462
54.02338105399234,5.326952070417419,3.6646619796734026
3.3637012632876737,3.478250832161506,0.5000900704649462
-29.95522122463383,-3.4761727696962397,2.2113275241057915
1.9478754876666171,1.691394895003454,2.094341361673639
-32.09863206852774,-3.9049790305804186,-1.5458836907923554
6.599050904205674,-0.45431821257544136,5.03821100331056
-21.38098860185821,-6.426673508388435,2.1729936480646206
25.168326927107035,4.653847305675278,2.3499291908820528
-18.755522558171858,-3.8515178816556044,-1.5007220845376747
-17.459378809405976,-7.212312869905995,-1.3888234310250662
-14.85074371038579,-4.721091960472105,-1.6687136026058627
-1.5028125310995137,4.592217305944329,-0.685424976457356
-32.67011054942134,-1.8468880317751195,2.2699878779734406
-18.860415156534895,0.25122183599115616,-0.11215764033440008
-27.22203821989983,-5.0407540529893655,-1.359970021129055
41.63136537519631,-13.3396579396769,-0.13804207589765716
-23.113472149946436,-4.993141711156605,1.786085920524972
5.417382394775549,-10.312532640824159,-0.9721404366164601
-33.84803607588553,-2.58333816018006,1.756963618663165
-36.01821514964738,-3.120944574478496,1.7400838731201087
-17.569170413150772,-3.0968395732136695,-1.1693327090502241
-23.113472149946436,-4.993141711156605,1.786085920524972
56.91945695366941,-13.669913719721787,-0.5675871479810299
50.964709076910495,-8.252838392626156,0.7932355439883282
89.48099639121327,-5.624305824119148,0.5908608990221113
27.13207593422801,4.310658548703043,-0.7402503132320557
7.277869696068559,2.6352197446673737,-1.0933285648454552
49.05208886399138,10.603686741114332,1.8061131052068267
29.947568845623515,7.726768833465041,1.58179141781658
13.332899392572953,2.258498846089842,1.7350556263743055
29.947568845623515,7.726768833465041,1.58179141781658
13.332899392572953,2.258498846089842,1.7350556263743055
41.55192278916472,-0.0037085773964281627,1.3042495221503632
-29.92531319507007,-3.4135945255020337,-0.7486182507581428
30.066730235828032,12.790112887435228,2.382590696019897
2.8861816448980853,-3.536364811035594,3.995469345996847
2.8861816448980853,-3.536364811035594,3.995469345996847
-33.86209179356036,-2.5609495171523675,3.3612450056600816
-35.03275553822471,-3.298406224120923,2.196405121783458
-27.03691051446578,-4.184473109261546,4.7686870966084065
-32.65509944290828,-1.8525221148170699,1.9765662500024217
-6.643670501850681,-4.539964932365074,1.7622456181583739
-6.643670501850681,-4.539964932365074,1.7622456181583739
67.02340648027504,-9.777689710404601,-0.018550088730285047
-2.3855886452359947,0.6561866107704949,-0.1108876463107699
-8.02730609073522,2.995069172715073,-0.36184743587884155
-26.82197219767845,-3.1168760105689177,3.544486719598784
-31.911536617416168,-2.9488075190500087,0.16598916373924438
14.13302922612674,10.282120803825388,-0.1997345119470045
53.87839589780063,0.25441490603389677,4.224856749089728
-17.920307807557123,-0.052378655655443564,4.009521046242571
-26.15255953447027,-0.2641201335610566,3.6699703899500715
-30.174847477172744,-4.411364670523105,2.0442833138263454
-33.85881866818415,-2.59960019021684,2.147494556420449
-33.85881866818415,-2.59960019021684,2.147494556420449
-16.301572548451286,-6.541697611283158,3.2820536844903425
21.4184286911167,19.919921039193895,-1.0291043101501463
-11.924064793440525,3.913022998399397,-1.57494741784998
-32.904361496240085,-2.8436848851905676,5.194571933830433
-0.6522340553395023,-0.7811724719610745,1.33174154201165
-19.084596165971377,-0.7405312131573574,0.7148267110670636
-11.929545657486964,3.767266790448842,2.3869508635420966
-21.03593581552575,-0.3029027841987617,0.7165761469914905
-28.5104224245379,-1.6784642833250718,-0.7784217828235792
31.32299216498394,0.1964952978037798,5.590830499692326
121.03026453945759,-1.8600309940226025,-2.0671954164725066
-13.877553540735613,4.340664346616445,-1.6468398937045639
11.180699026115072,10.862269955916842,3.3761012664989125
-17.914598493731113,0.029796060394468072,2.207444778484555
-24.205294312580072,-0.6585442076706051,3.6016826112624707
-6.643783111098632,-4.640382285775686,4.06407252099096
33.28713032246277,-9.411891737711551,-0.3399133259071741
4.568486949443177,4.215938315199868,0.431337099518493
-11.415316633110484,-7.659714331177514,3.222474600212941
-32.88929513802116,-2.8616379358060797,3.676642654174865
-6.303686103093457,-7.740284024168284,5.152376595443761
-26.803572361324772,-3.0879213362803397,1.6893942103847752
-6.303686103093457,-7.740284024168284,5.152376595443761
-22.98834693664053,0.08427781297594855,1.965547555603853
27.6459079670218,-7.165011562752354,1.9396391037957514
-29.95998900622963,-3.388797211342914,0.8894147333511316
20.32827267560813,15.050366034866155,-1.1108480586059442
-22.008573615016036,-0.07695950574299674,-0.6335182083625355
1.7456391977651458,9.956550652340827,0.7820384828453385
24.07626718432592,-9.374439284784467,-1.0581989299984789
-1.6696645902411713,-9.860144132262192,5.620273062103526
-32.88118674685445,-2.764909820157043,3.473013461404695
1.1825559137748718,2.872609335442022,3.2494605776610728
-29.95998900622963,-3.388797211342914,0.8894147333511316
-24.08916683548045,-4.701278576053659,3.748829096491106
14.976965001369107,4.971809247255443,0.1406949012139644
-20.060653080585055,-0.5100117295956835,-0.16167871925657806
-3.1658244649499996,1.728008038656512,5.334787651624635
-20.060653080585055,-0.5100117295956835,-0.16167871925657806
-20.060653080585055,-0.5100117295956835,-0.16167871925657806
8.918805358773096,5.285111750893414,-0.5775991277146592
-10.296868244586474,-2.6671844031243377,-0.9750701475537876
3.0589995201663363,6.6062152681432975,-0.4427010312970393
-4.114602682224173,2.060492615038554,-0.13311382093215987
7.936447697568081,5.5110756974246184,-0.47487331103806013
2.4865747836739374,-0.45383410062268437,1.3240293462068244
39.65460311770037,-12.751531378009636,-3.0026953249613424
-3.1658244649499996,1.728008038656512,5.334787651624635
-22.134260148174896,-5.206736799107322,0.8143896290651641
46.72836114018097,-13.46145479816371,-0.14444400583852438
-23.12934176236893,-5.0563611656477265,3.9425725059649017
-10.2345239364612,-6.819104569778001,3.8372682591622405
87.11651079841913,33.95163400138031,0.7842884111537977
1.8173078106091936,-3.4219303255850155,3.014119595141423
1.8173078106091936,-3.4219303255850155,3.014119595141423
-5.85871748217986,-5.761856966373528,0.15860874074759854
87.11651079841913,33.95163400138031,0.7842884111537977
-7.366545174622739,5.891435901034199,-0.7187330580106001
17.764320571392417,-0.8773493033107632,3.8065684473108723
-6.6399609878695225,-4.600409539078207,2.9070642632622565
-19.169234431361794,3.3973286109206486,-0.5530574204092646
-22.024111423560143,-0.07804927644037948,0.018136200174335294
-19.536432613387284,-2.6895250151495222,1.3083357238188955
-16.941995514050788,-0.23767334827800748,3.6823235949464554
-31.89749844419355,-2.9828719891500186,2.165776461402355
4.690185455484113,9.209672495465838,4.686556023187576
40.78602057064053,1.196671866068732,0.8596949145162636
32.32695424186294,0.006731437738822945,0.8109826035593396
29.60978791317721,-7.537240017132731,-1.398724586603354
-28.948325015626338,-3.5762795771333815,2.573988898608731
75.47976985927788,-8.637482573690525,0.5911979253088704
88.75615612969854,-4.391523570226093,1.6278983267236546
-28.011530207600398,-3.8741551471599567,1.9104209737403293
79.61730668682806,0.7266685313067014,-1.2158936963812754
-27.79414450785697,-2.9506348009786607,3.154146493480465
9.373303634150194,16.479472592294343,-1.3624387282301855
24.195190659161245,14.163402920450167,1.4890402018085143
5.014598471617909,15.472363429949615,-1.4040536137843802
13.010431269922481,-3.806960895417062,-0.8536266279961185
-24.109011235000064,-4.746195531751723,1.8768955931384705
13.010431269922481,-3.806960895417062,-0.8536266279961185
5.014598471617909,15.472363429949615,-1.4040536137843802
2.1789868910258354,2.7724917070193102,-1.9327714668636389
-16.292325483955334,-6.492943421780404,0.7670052121318378
-17.57732277172633,-3.157157517839537,0.28000901786045623
-11.847843209406568,-0.4009796533335141,4.2301931857010455
-24.109011235000064,-4.746195531751723,1.8768955931384705
20.189421209453005,0.7062522520834374,-0.4953031534700611
-22.809806288629495,1.0871315313877736,3.272465067902003
-29.954168583988203,-3.5198644815398477,3.5786527079912687
8.684248398956266,4.278104730887991,2.3600216198325867
-29.954168583988203,-3.5198644815398477,3.5786527079912687
19.993637949355215,18.17937899443944,0.0020266760009992123
-26.051403367320717,-4.3204572181398,2.6968287048680324
8.684248398956266,4.278104730887991,2.3600216198325867
1.513032474714433,-9.432514547316837,-1.7252128158723326
-19.239239639006644,-5.897311450588162,4.036407315955772
-20.968823640795904,-4.46883198321773,3.1754081433231316
-5.589769269403792,-9.007879576063326,7.1706644418828125
-27.888657279071182,1.2511456704602142,1.6400106350747252
-21.38204069035874,-6.234300066108358,-3.3284064779866593
-17.263115299157356,-6.278827249161865,0.8366835245086905
28.198390913979523,9.05579719266228,4.269460594196793
-31.8996367268639,-2.9867355714836092,0.5816298682360915
-20.942972006042865,-4.406437942638217,-0.011219368033193042
-10.966156968388109,3.532393149928765,3.568660211904206
-10.966156968388109,3.532393149928765,3.568660211904206
-21.474283034866247,-2.2515547510898166,-0.13123574771299124
-10.72058632589215,4.608126242721288,-1.6162811959108123
-26.273810436870495,-5.2710022034710375,1.9539721979006084
21.152557876816566,0.5289770651228546,-1.4971364500232602
-28.984923209009178,-3.591099337676927,3.4895632078398715
-26.254577836207073,-5.2765639339688315,0.2576898960487438
20.957772836114913,8.705185622829392,1.109777142786249
-26.273810436870495,-5.2710022034710375,1.9539721979006084
-0.7690140535864088,-5.980601651511653,2.820260667467152
-23.32178006323281,3.3003959215737235,0.7646913573893019
-28.950084056314722,-3.6416506353842477,-0.1752715258623147
-22.253581586616352,-1.0832375308682687,2.409631151774698
82.53160659564048,-9.192423014795722,-0.15202982265551085
-33.099215389131466,-3.8145505578874914,2.8286160687907733
-21.25544491843013,-1.3031093557277378,1.5993209824178265
5.518416583119132,3.9720157232534796,1.8353574838493365
-29.744176073295414,-2.3792566122949865,0.23397980647539193
-27.02575573690384,-4.150029498122131,2.745000236523406
5.89223719638495,19.2502067938599,0.3461965797864938
0.30127046510485034,-1.0870797331780893,4.452174962924037
7.377889367115507,7.673755097116707,1.3613700446630002
22.978905606199245,4.090387123837146,4.216130730389306
-34.06969791580889,-3.547682833012722,1.1777475006828242
-23.222556674452587,-0.8848079118015414,1.8377415167460813
-20.405006185589613,-6.609415319835552,0.8933892357719431
-31.89104493355729,-3.0095535366060395,0.6187634038700367
-28.009320665890414,-3.883150555427094,1.640065376065681
-20.405006185589613,-6.609415319835552,0.8933892357719431
-17.257288497918193,-6.269725485530681,0.917629065412561
-24.94935934756905,-4.429889698359719,5.678890684294078
-30.93462740108009,-3.1587926646218376,1.0784267231780589
-29.943828736509474,-3.4817474023361568,1.9522931209086587
-29.724971987751672,-2.506559097777834,1.973209056921143
-24.10318496815914,-4.704191269180827,2.395585403241359
-30.923541364293733,-3.2478477196394913,1.424849707128593
-30.923541364293733,-3.2478477196394913,1.424849707128593
-34.07461404224245,-3.5559780324684036,1.4408870974582546
24.192107187870857,14.103177980639432,3.659633274444203
-21.26120723657831,-1.2716476277443425,0.8969496493853054
11.072129318253365,5.823363033225631,1.169632089487137
-21.823425565248222,0.9554977625669598,0.7725348404334095
-19.65113673279832,1.5027410926401137,0.5339003737923199
35.24401675932168,-0.5912755318529621,0.5707049068855962
46.15096654702208,2.215780465633826,0.044550278869300936
-32.134447530653546,-3.9588310092645593,2.2567210262328805
-8.66700229876336,0.013847827147019877,-0.6367095764406894
70.85480359500187,11.921312193942928,-0.6539313760120236
-32.134447530653546,-3.9588310092645593,2.2567210262328805
35.24401675932168,-0.5912755318529621,0.5707049068855962
-8.66700229876336,0.013847827147019877,-0.6367095764406894
33.66195528906543,15.145839487696772,3.6001477867664757
33.66195528906543,15.145839487696772,3.6001477867664757
-24.110073305574613,-4.7497459143936505,1.8244861017093854
-26.061663956443056,-4.314327088623373,1.7971605878416135
-21.282946907806018,-1.246047932180855,1.84272755200535
-27.036731208135674,-4.093098810797261,1.7031030407739887
-34.829951000465634,-2.3879776614180335,2.5911189329921043
17.356877967384662,6.431237354463061,1.7297914230464082
-1.8644002573066119,7.619641643072448,5.0660590696365
-2.6980068333443596,3.7098681213184697,4.556535554956517
17.356877967384662,6.431237354463061,1.7297914230464082
2.2638497523248655,-1.4766981933609995,2.2083667924098034
-32.89243503757982,-2.7629041739879354,1.945824185223895
-32.89243503757982,-2.7629041739879354,1.945824185223895
105.99542511297298,-5.190135109621065,1.4573774497570224
-34.07912408246502,-3.5550436151403777,4.275962768989385
-32.09870432427164,-4.053392778718011,1.596393514769298
-15.205994605605014,-1.6238839939211813,2.4516523412002313
63.14975177181953,9.548125492651145,-0.6187955285950293
-13.338209477214964,2.059078032843037,1.509585845827225
-3.3451890149947685,0.8654879402730778,-0.8134838512398358
91.24409405679508,11.399734077703899,0.36023157753540713
98.05292230339586,0.6224770223163812,1.2898217647909742
69.40185592638993,-8.312833163003349,0.8888186988801521
9.241372460351581,11.308071394760471,2.286194094964021
63.14975177181953,9.548125492651145,-0.6187955285950293
41.342540867603105,8.317319158852609,-0.9566441440649225
11.86429342256933,13.840320300138648,0.3227253442193524
-15.302839655046856,-6.745174407871284,1.2831245748311075
-21.283360922379412,-10.484464739960146,0.37091850141869603
-5.224151450444089,-2.89476878037153,3.3700880247092257
-5.224151450444089,-2.89476878037153,3.3700880247092257
-13.36430874681331,2.081360231151299,1.7018113512562334
-14.752803226582232,0.3223490128189009,1.638252502734324
-21.283360922379412,-10.484464739960146,0.37091850141869603
-15.302839655046856,-6.745174407871284,1.2831245748311075
-35.03918669206755,-3.2725565706427897,-0.5155511878724944
-13.584596086904517,-8.130431587088244,5.126640077783049
-31.12803347338368,-4.193606534280556,3.2586545013849912
1.4312451568354556,3.8742493711658814,1.1227753951288473
-31.11074219747605,-4.130729659031392,2.0218158799807613
-28.207466385139554,-4.85709677570741,0.5986983556268483
6.377535420339661,-1.3650802492246177,2.737072503366599
-32.89495768169679,-2.9221423141764786,5.480284200266066
62.93288160673373,8.502011616250654,1.1812313053917827
-19.299553752901225,-1.6827873907395026,-0.9826443464577588
-27.026955084081543,-4.103366651564836,2.027429766191756
24.39286857270731,5.824428873728414,4.15654532932848
-23.111351613202345,-4.966894003823611,0.3693813263609865
-22.440330009615327,-1.9833807270000865,-1.6503784137363784
-1.845655729102424,-1.5321450330497821,1.1125749837780403
-2.8227711941538614,-1.3170788332679115,1.1839769366882158
51.86430285509648,4.9628645651462495,-3.2701576824340903
-24.213582434658587,-0.7457582524175455,7.176093207417199
-24.213582434658587,-0.7457582524175455,7.176093207417199
-30.04418895675635,0.7025022675943732,2.9520533007189735
-24.214195731212996,-0.7481447203372393,7.27121327133787
-30.04418895675635,0.7025022675943732,2.9520533007189735
-1.6713988385824143,-9.801724827306918,4.709205012383764
-29.207485075331917,-4.6901006501246805,3.996269011438119
74.93988801930001,-6.481122518584931,0.7632327254585551
67.49472266845349,10.5593118770541,1.221585419145877
15.206241066390293,5.955583325029332,-0.41324019519407745
-1.6713988385824143,-9.801724827306918,4.709205012383764
-29.207485075331917,-4.6901006501246805,3.996269011438119
-33.07731917034251,-3.7450533593983955,0.23164458680532587
-33.07731917034251,-3.7450533593983955,0.23164458680532587
-28.215650762519576,-4.839829939624405,1.266977424313141
-3.674940935398438,4.0963146964910075,-2.0829629329603554
-10.541324533118287,-3.7121486273367332,3.1586391304314496
-3.674940935398438,4.0963146964910075,-2.0829629329603554
-19.314089264255276,-1.7423746009610237,1.6433812016139937
0.10410205461835538,-2.0336455099298325,1.851517738596149
31.6606660600317,-2.9277044452643373,2.474615077867101
2.177483716363558,11.838686635623601,4.250613938959613
-33.84105426295108,-2.5898411259798375,1.175871666187109
63.43513132121284,-12.080454356253167,0.5209575225963654
62.23957993305904,-12.831404174679687,0.5189656213479162
-5.859911477726623,3.4238953334563034,2.1976268620096686
-34.07720250483422,-3.619057136054471,3.5147947767965904
-34.07720250483422,-3.619057136054471,3.5147947767965904
-33.09531541142381,-3.829428464731624,2.95778706115838
-26.164531554567642,-0.24377193801953945,3.376492078698305
41.03858099171933,29.78760013626609,4.383277277757098
-9.978397553536219,-5.81811264231153,-0.8305144907828642
0.5240433623839982,-0.04135007100364533,2.8123460986763766
54.65686938559348,-10.087934148238466,-1.1673183823405866
4.112799430856826,2.4291409560676946,-3.2526166293619942
-35.050874810177994,-3.3092271181779522,1.7446670710113794
28.963331212699778,-1.2801529487280725,0.7391370234109407
101.59179469223909,-15.440202149520346,-1.818586695536028
28.963331212699778,-1.2801529487280725,0.7391370234109407
-4.877571492969543,-6.001726998874518,1.6754275806183645
-7.347259606386742,5.86598213906137,-0.3179539668651562
64.15483960992793,0.11113292028099422,2.2940338573457226
-24.10636700431356,-4.830062315306252,3.6541373930648278
-30.181413849480755,-4.471504029066773,3.108780718628832
-18.449650951834816,-7.015802780905079,-0.11238387688615943
-24.962590574166768,0.4796083733286938,4.120767274841647
-24.832302552182497,-3.5471600408438557,-0.4913413624483014
-12.062150106317107,-1.407380159781338,4.586547894134503
-33.824737588066284,-2.5327824654967244,-0.7671821261212666
-12.062150106317107,-1.407380159781338,4.586547894134503
15.729756270666359,-5.457365962305018,0.09674281711758619
-24.07545756191652,-4.725377239994884,-0.12235717059522183
-27.11555128528889,0.10191241249651332,1.5584529146326165
7.615062451859813,8.665311799535058,0.898165245345993
17.024290467516927,-8.820479610473704,2.3271622330815998
-7.4757044743971255,0.8755053859943938,-1.8236576880293418
12.280137349773502,6.556728321849042,0.6429924300357833
-32.12574403598045,-4.076152300858631,4.538843951442599
-16.572793698612713,5.91184491714457,-0.7451087511324259
-18.330086672571753,-1.9318014368101495,-0.508540098701426
53.862893633791074,-18.12644477434802,0.6262800385858527
26.586366058603577,6.404230727718867,1.357189365682928
26.586366058603577,6.404230727718867,1.357189365682928
-18.448752723796588,2.1276116810489376,3.001156392551268
-31.362955182616084,-5.214977854934137,2.764896467771646
-31.898060812044307,-3.0605543069922874,2.630657294477636
63.9819927922276,-14.232109086191684,0.1579047077488501
55.739547457721144,-14.42931563816229,0.029002272415316117
-15.627562308612347,-3.6069033439541083,1.2917368540099405
-0.3169749718102411,5.362928468706674,-0.2376621554000542
12.413217754481954,2.5350034941674364,-0.5557174967534807
12.413217754481954,2.5350034941674364,-0.5557174967534807
-33.07691687390658,-3.7607117221440047,0.17642471891558886
-33.07691687390658,-3.7607117221440047,0.17642471891558886
-17.030857112108254,-5.2917140276626125,0.2531683701051346
37.53413657711835,-4.20093391734397,-0.7077983741095509
-17.030857112108254,-5.2917140276626125,0.2531683701051346
-29.182289125398945,-4.663252943590901,1.8566819542655273
-2.2555322485726172,5.7852155198566715,-0.43702961843056387
37.5016237288722,-13.444942355865818,1.6418389761671053
60.779637836819845,17.207512590739995,-0.037285813610154615
-11.366699813688369,10.831411850423857,0.17441944714250268
101.1778832761146,-8.282028914781634,1.3524315130465225
99.44514493502929,-6.867823210055046,1.2502013161749834
-24.842607827347837,-3.495732519231746,-0.7677739854443779
12.263244590351341,6.575595854765285,0.604259203646376
-6.285555954097944,1.4744410241942663,1.4492828740270391
22.129281669523458,0.23386518183070834,1.1316133148339682
-6.285555954097944,1.4744410241942663,1.4492828740270391
22.129281669523458,0.23386518183070834,1.1316133148339682
-6.285555954097944,1.4744410241942663,1.4492828740270391
-36.95557133965111,-2.780737005469709,0.37916453462016386
-27.964760149047123,-3.8129118575593495,-0.8966726117728318
-34.057208962531554,-3.5133675206388277,-0.45477102558961563
-19.315135538690757,-1.6665879336755414,0.3971280413082579
100.89529073799066,-14.173770185971172,0.23158655146716992
-15.848723443196358,-4.595047222155311,2.0482405408518294
110.06567826836914,-5.1333511819023485,1.5875459526078
25.24664721821071,0.535177330352042,8.558143299186288
-17.587690193061132,-3.0973770043965922,0.9834048151378544
-18.97937365475985,-4.862546372746172,0.08667619462308729
7.280000732999638,2.541694972907937,1.4887772877754692
-15.848723443196358,-4.595047222155311,2.0482405408518294
-2.8383965563363325,7.840408990461265,3.458368240720183
-28.203161051865436,-4.805939838433502,-1.5365829501019745
-35.00651713202295,-3.2410980712131225,-0.9795954563844274
-28.203161051865436,-4.805939838433502,-1.5365829501019745
-4.541903679480823,0.10556130787499737,-1.0404188405403594
-20.49634886665895,-2.4348236660043843,-1.413516643343864
-35.05094863705243,-3.3315715908297747,1.37077248380452
7.133858768587634,-2.609898696173399,3.425045929076226
3.4880626586323387,8.513507949505108,1.0394245124125085
-31.88960034929359,-2.9800241606475164,-0.32284023263059697
-32.88000494139365,-2.835613283284191,2.6244436160399554
-15.296104290579551,2.4887799757558438,1.4813385404292725
-32.88000494139365,-2.835613283284191,2.6244436160399554
1.6729822012656583,14.116232744063552,-1.0999515667377853
-35.03136064544846,-3.308928738037522,-0.5474220796200953
105.51311859659722,-7.215974694280349,1.4625627279125955
-35.03136064544846,-3.308928738037522,-0.5474220796200953
-30.70567114503695,-2.2820132334701064,2.207045761579671
-15.94428783920548,-0.43180040926044483,0.7570734618070638
-30.70567114503695,-2.2820132334701064,2.207045761579671
-15.937193929763303,-0.4179657499791106,0.08814338573158056
45.92623814528094,19.520748731096685,0.4843574901629601
3.372684196038718,3.397899505628806,2.6720952007885246
-6.52613712507908,0.40644423590211204,4.594711568125588
-17.016595307211126,3.9494416001124506,-0.34664690262573206
14.783699772997954,13.177576556824116,0.38481025642544603
-33.08308656978187,-3.707441461898786,-0.4657411227658415
107.14843598293879,-4.5064266608177155,1.6083521266915397
-33.08308656978187,-3.707441461898786,-0.4657411227658415
-6.927380169175479,-1.3935925757880914,-1.430242761887362
-8.883511507883542,-0.98101600543356,0.8318327234262226
-39.150178137054965,-3.3980985169644162,-1.0870977383941653
-31.126558872108376,-4.181764334750777,-0.5813438894612352
-34.027693283615164,-3.4846422708423455,-0.8142197328100691
44.55394715105728,-13.999467577396166,0.6890735139524754
15.187335257015514,-3.3194392238683452,0.15898640904171454
74.82345285118667,-11.567897212644544,0.7495422804792229
78.4061508108274,-9.29991451807337,0.7783009427881011
-1.9505638508477745,2.7172918303703444,-3.4829413511422667
-22.660367314216952,-2.9631506397075364,-1.4892591862753697
-22.660367314216952,-2.9631506397075364,-1.4892591862753697
25.38252887735227,-3.551951596411598,1.2134143664171764
-29.208578519045652,-4.673474735619439,3.0414576119328975
42.727502338541335,0.7315528655960316,2.4782650878140493
-22.660367314216952,-2.9631506397075364,-1.4892591862753697
-24.39222197376443,-1.551681316648998,-1.4633790174809582
37.9773752260665,-2.2516385184521375,-0.7314281595936901
-34.27791554591025,-4.533442108470761,0.17000234266682987
6.317692839473888,-6.381411739665965,0.8969585516600851
-28.076369883529143,0.2942410422644775,-1.5520471669424123
-9.198257290253597,2.2153095894609294,-0.78751108730506
-12.26191489593649,-2.2104656761186097,-0.6255351661994296
-13.78481067969012,0.09808483995966118,1.065678288642861
37.73402116592948,-3.281833121724148,2.2913500911740914
63.974215878172785,-14.249419903613473,0.6126053502920499
-13.756708113457686,0.12027680666321187,0.46977905668411146
0.21825875462162522,-6.082063126591633,-0.4895895479525929
30.908595900977318,-1.738083415630595,1.569370756790564
-12.77923242442483,-0.06008896097128954,-1.0046659288299917
0.21825875462162522,-6.082063126591633,-0.4895895479525929
1.6328945687741037,-4.328477791587766,-0.7781922442332335
-25.155453202647617,-0.4016150214454939,-0.1959351991421202
-1.1580461737743064,1.4428136206829567,-0.7937298964129985
-25.155453202647617,-0.4016150214454939,-0.1959351991421202
62.2790183510559,5.586162047768557,0.9767402497160839
1.314632298107491,-1.1826929668488713,-0.6898477170442666
82.99067590176638,2.005949848518792,-0.8922406190158316
-35.99706469547162,-3.0437064474598996,-0.9802448146657999
-35.03079863419977,-3.299782760462293,0.5412175140265644
2.93343075061536,1.5410766068961865,-0.1211722878186891
-37.18977731357208,-3.80051910685861,-2.271629690817307
-37.18977731357208,-3.80051910685861,-2.271629690817307
13.687789380806054,8.417118646619294,-1.5359341279761078
-10.086665514053633,-1.7588024060430358,1.0144573470162388
-34.27644257315219,-4.470186377607178,0.4938345324341169
-28.0747857289447,0.282348817953541,-1.2284401974185826
24.95638778853837,-5.452619781575358,-1.2470540051594297
-8.781720394510401,-5.084490255008222,-0.8875558898923648
-24.930635847923355,0.5891147730257219,-0.8172717673382358
-24.930635847923355,0.5891147730257219,-0.8172717673382358
11.941452736973421,0.5152751369773719,-0.04223814368060723
58.79466046078141,-0.805477138112724,0.9201186317891249
-7.573328484404011,4.859819429277607,0.6516578924080803
-30.56841842434995,2.927908262533092,0.37342976775313363
92.93824090229894,-8.46765455424678,1.001224380329556
-29.263657830724387,-0.4621223400648549,-2.0474912391347355
55.19008499540165,-3.1257808661653814,3.3319639845339677
54.32003625295384,-7.022981992785926,2.7636894261636074
-18.859812743376068,0.27398659638703016,-1.1131463049151813
9.435702492619784,-6.0981604842137624,-0.12707192412841983
21.043671177530396,-4.618811821070317,0.2743005805384002
-15.9328319429848,-0.37870067745911473,-1.2147905554842813
-18.859812743376068,0.27398659638703016,-1.1131463049151813
-6.052342339567187,2.4964499523705794,0.08856404061281939
-6.052342339567187,2.4964499523705794,0.08856404061281939
20.84846255000221,3.6441029110486145,-0.5716032540066892
-6.052342339567187,2.4964499523705794,0.08856404061281939
-14.523125055242772,1.3240300384687458,-0.6295835175660158
1.8540841885995727,5.870663153409265,-0.5801693726571725
-13.330379580214407,2.152666568157893,-2.134257980632768
-16.37200914421252,-2.359322674692995,-0.4528422299032183
-16.37200914421252,-2.359322674692995,-0.4528422299032183
44.276787295446304,7.574030834154996,0.7545727496967201
54.63329305464947,-19.32705983324209,0.5128697243979046
-13.571466561707574,-8.144985664759853,0.5591754880219717
-28.5320374154638,-1.6907958000083796,0.10176884911967188
-13.571466561707574,-8.144985664759853,0.5591754880219717
-3.472862478946658,-4.238923214308956,0.7600096736453847
0.6497781873083048,-4.139225244292502,0.9268962971694588
26.0237660501393,-9.834539177069603,0.4505459395487287
49.6642654800113,-14.080861607099637,-0.8561353771823996
48.16226594665773,-2.45737030820801,-1.0986562777402253
-16.053078853359608,-5.504550828623108,-0.7840828082836137
48.16226594665773,-2.45737030820801,-1.0986562777402253
95.74437593315224,-14.227741811171231,1.0278328838171498
96.71852775763045,-14.449923860040911,1.0981269703803227
-5.662667266369656,-13.973349497328115,-0.8349969906274819
-4.468147827391904,-13.216991425026343,-0.8160131966544854
-31.652454495302383,-1.9685848774095298,-1.1505779432880328
-0.7688871560864453,-10.418331822305161,-1.5894935742051874
-29.929609875231872,-3.364926314306375,-1.5475285152158742
-14.09698144515994,-5.9222524052451915,0.01650626481886706
45.56064941893198,-4.952041206438871,-1.1327501154372488
-2.2717872962572407,-3.442262068209936,-1.4444466819272386
-10.725508745307682,-4.605393137013039,-1.944267595680284
50.54307949530554,-0.9971950227829723,0.7073971961751476
-10.725508745307682,-4.605393137013039,-1.944267595680284
38.51125084557703,-4.396339106858829,-1.1804720848118027
13.108552840955632,-7.996176851697824,1.3354087494301354
13.108552840955632,-7.996176851697824,1.3354087494301354
11.92282512917587,0.47892030605878777,1.5917259921155702
11.92282512917587,0.47892030605878777,1.5917259921155702
71.90046973271393,-10.902816482203482,0.40044457641689385
35.14194360288727,-5.687676972838932,-0.785073269258221
83.50508444244592,-9.409249739640494,0.6407393806915223
39.80237918464779,-7.749899777408702,-1.1704974271301858
-34.591198962225704,-1.315995572250972,-0.7989339911728286
-21.939920624901557,-4.186925932809006,1.4486817225058606
11.25049761829496,-11.68712709766493,2.1745210171709988
18.88921319230186,4.0572233025334326,0.5042337941838314
-3.2598559871531356,5.962891998479931,0.8713846207201624
-34.05865918481763,-3.505776728213868,1.1589089513316246
-34.05865918481763,-3.505776728213868,1.1589089513316246
62.2797600051267,-3.571432476103842,-0.5298030987293406
-30.464034175551802,-1.2423115848224382,0.31439633380143756
38.150865928228754,-10.358903027169552,-3.410111067562758
-0.8596154455927336,-1.7192880917596536,-0.5948093354925628
-30.371389059777492,-5.354011424814136,-0.04740479677933609
-38.200932223965246,-3.547536323413351,-0.33882727970010823
-38.203705955007315,-3.561255153352229,-0.2466601508294496
-38.200932223965246,-3.547536323413351,-0.33882727970010823
-36.21736590820776,-4.04729733693189,-1.2585283476662075
-33.29516592561725,-4.671730392031197,-0.7821945972604951
-34.26774947669948,-4.455729779365006,-1.2160133267471511
-23.893786940427802,-3.8345583032336994,4.315619534628235
-7.374171167159704,5.814339134860725,2.3963926153243373
-41.10073914430217,-2.9178680391066396,-1.8202907324632525
-4.681918745542586,4.161194162635353,4.234959347445826
-7.374171167159704,5.814339134860725,2.3963926153243373
-17.796016431423784,-4.0984024338583644,1.4713979947697224
-18.344544713863314,7.264284845280467,2.1659020728954106
1.655980979484785,4.886503324853089,-1.142173426610786
10.731627638652677,-9.477903098316782,0.7557009474745014
-25.367174815775122,-1.3427105219044804,-1.5897534555356665
-4.343359046087618,1.2469697899695174,-3.4526815737403003
-10.392709968553914,1.455208015304242,-1.7460569782136597
-10.392709968553914,1.455208015304242,-1.7460569782136597
-31.87441952889211,-2.9396147639874037,-1.286315584294079
-9.418293837049251,1.2481221374020952,-1.159262726818474
-40.137442312552956,-3.120199178014949,-0.9744259047502998
-9.418293837049251,1.2481221374020952,-1.159262726818474
2.511034573029666,18.06837080431118,-0.15221641836432728
-21.888650811947993,5.1073247625956215,-2.4311194588901777
-38.92749603034222,-2.3978220307674847,-1.118029754113147
-21.888650811947993,5.1073247625956215,-2.4311194588901777
5.454644414525964,17.24125228142609,1.91112432089979
8.808560388650697,18.519016064386992,3.1822424303492105
-22.871241256653708,5.21330277539709,0.20584807282638706
10.764658789629168,8.964268279376123,-0.7864551609514517
56.62876458796017,7.9823663389975925,-1.184726457208386
56.62876458796017,7.9823663389975925,-1.184726457208386
-19.552949314637303,-2.688589368955397,1.3869422492867833
-20.5823905957914,1.7149019857396792,-2.392911950047891
-13.701656013485245,-4.001305274434218,2.600251376334013
-13.951793191612152,8.42119708751809,-1.456253119508572
24.957045046531036,12.920190218876265,2.5532415928211156
42.93195276490748,-16.66914274252959,-1.4944485905433036
-2.162836020770533,10.811279191131064,1.522384736466831
-15.4897395213225,1.5786798657912513,-2.0980051974010596
-15.4897395213225,1.5786798657912513,-2.0980051974010596
-8.13313523881966,-2.133611834752687,-1.1333358831309532
-15.4897395213225,1.5786798657912513,-2.0980051974010596
-14.953506263012628,-0.5928364936442487,-2.194501591040854
-25.38002759369114,-1.401567614142671,0.6472441337748003
-25.38002759369114,-1.401567614142671,0.6472441337748003
75.91945123188019,-6.666846342447599,-0.181627767934643
13.80363753192286,22.61176052589029,1.1445950113857732
13.80363753192286,22.61176052589029,1.1445950113857732
-32.97353019886451,1.4284888970574408,-0.7755457835008219
13.80363753192286,22.61176052589029,1.1445950113857732
0.5354725284353123,0.037200135296275874,-0.05874694088375555
-13.904583461827517,4.191163881701508,3.1269786275840628
-22.116194963001714,4.107939137459108,-1.6612710876848544
37.420030825225936,-9.277323409550245,-1.1136057303059246
40.33275642814085,-9.869522101820008,-2.6284235005145917
-22.87852864892117,-3.943308696978373,-0.9236363361103592
36.87906273965178,-7.107356394479448,-1.1365118208800182
37.420030825225936,-9.277323409550245,-1.1136057303059246
38.612424111599175,-8.51920906158885,-1.1297526309821593
-22.55023980983976,2.164732048122066,-1.5625466186410317
-24.504137006802484,2.5951416692293465,-1.5453782379070995
-22.116194963001714,4.107939137459108,-1.6612710876848544
-0.9535591154239892,11.631525454770845,-0.633291293976217
-0.08359951513740496,15.54402752203649,-0.4662271456102864
3.949255623765433,19.747481669555842,-1.3205616055584286
4.1597533785450445,11.48323883822918,-0.9764924673034823
-37.76488451657464,-1.6525638228366697,0.39723183694309344
-37.772856718378996,-1.668709277684061,1.7591566147791247
-31.684174621806708,-1.959583512547973,0.4374851078262208
-33.61167539498222,-1.5347189043933116,-1.5481595606516954
-0.08359951513740496,15.54402752203649,-0.4662271456102864
25.086124843737746,8.84627675810813,1.1619955514416902
41.001854728140216,-7.010293942749039,-1.1149065575578208
-26.141343257991075,-0.20254348482586843,0.4576691603450272
-8.104656110671984,16.31645805001525,-0.5622050453114056
-20.387402749335486,2.6826928167594177,0.19775454161092276
41.001854728140216,-7.010293942749039,-1.1149065575578208
25.086124843737746,8.84627675810813,1.1619955514416902
-17.57331044852033,-3.120986247898628,0.3589097177112797
-19.74864409968174,-3.6519936458569817,0.473189369601546
12.142207747322441,10.697013820508465,2.5801373684950155
20.637050303715018,11.940915367430874,-1.1865249228193282
52.84403402153713,-4.584799739846447,3.5014493379278897
8.495798768495915,12.5737241370471,-0.9750490549853235
38.609833706437826,-8.522398174531999,-1.2185611388455944
-29.07179801587744,0.43902445732939915,1.4924009760642925
38.609833706437826,-8.522398174531999,-1.2185611388455944
40.77419661853802,-7.972935969655388,-1.1676537831022153
-0.946652907345584,11.643912257939697,-1.017372910843792
-3.157414018034366,1.9013243758989475,-0.004297507386435651
-0.946652907345584,11.643912257939697,-1.017372910843792
-3.157414018034366,1.9013243758989475,-0.004297507386435651
-36.75066079279709,-1.8796850504834621,-0.1721331199141126
-8.580970596463532,-4.09482633211107,0.3758862806392484
-13.116648333319514,3.1122634758973833,-0.8556453608807608
-13.116648333319514,3.1122634758973833,-0.8556453608807608
-28.81114719660366,1.5729985020583637,-0.49055256460100727
-28.81114719660366,1.5729985020583637,-0.49055256460100727
66.68054950755828,-15.88844943306535,0.8726043072720415
29.92345454670414,-10.650926952765412,-1.2219329276279374
-38.71522385960295,-1.3595502037842324,-2.4230426048151057
18.145755760912383,14.526327648386648,-0.5748996080466837
-36.560996429188116,-0.8634755102268963,-1.492690236900326
-37.43692275294304,-4.758798197348156,1.0097786658118049
-39.32745814533727,-4.291913348354709,2.375962297688069
-40.15079240928175,-3.168074932947689,1.4712613235602114
-38.40424181039615,-4.5363068099457635,1.4286710771865176
-36.560996429188116,-0.8634755102268963,-1.492690236900326
-42.3165793105412,-3.684123105148812,-0.059492901193807124
13.220586868714785,-11.991739253327387,-3.4490920932423195
0.8477123006712514,10.301182090533098,0.5599038355809709
35.26100745930559,8.612833240761203,0.2832186912026881
4.368554214359246,21.693872868253475,0.27031102463631523
-24.190251546332235,-0.6331429001461877,1.025646709165432
35.26100745930559,8.612833240761203,0.2832186912026881
4.368554214359246,21.693872868253475,0.27031102463631523
0.8477123006712514,10.301182090533098,0.5599038355809709
-18.43473671280114,2.207709561771936,0.12266880424268052
37.897375871862344,29.534226653212215,0.8738212493163414
33.78381331117704,29.39660693608458,1.6947730413525108
26.782601540123682,-11.04128578038101,-0.20859970521977517
-18.43473671280114,2.207709561771936,0.12266880424268052
-28.096950418259365,0.32034974258116294,0.5303622331521646
-22.661745934199182,-2.9518665986190684,-2.037867566112322
-8.883325614220306,-0.949819196311801,-1.1251364887937088
21.932533596475302,8.52646283779929,-0.5690505918777895
-8.883325614220306,-0.949819196311801,-1.1251364887937088
-22.661745934199182,-2.9518665986190684,-2.037867566112322
25.57951760220941,-2.5294562369551175,0.41032798343560334
25.57951760220941,-2.5294562369551175,0.41032798343560334
-22.156040612719337,-5.272212217660918,2.9263210236265285
-2.8122998460295445,8.00797108604582,-0.8368437636862871
-36.545893522525006,-0.8443569448605612,-2.5250573965726595
-21.60393487161312,1.9047897997455059,1.1232877002751764
-30.263000178385678,-0.22024071104443615,2.127074386231994
4.7548371577605835,-4.047152013967101,1.7674075359899422
-2.7302543395127317,-5.441331568178479,1.3471816146059514
-22.993609999257334,0.2174591673786405,0.31138217329246376
-27.792451896542133,-2.888428331433704,1.5732429920852782
-23.001889920426816,0.17372480265582993,2.215113848078127
-35.81253370932119,-2.046928516077995,-0.26693310895716194
-26.159265159351794,-0.13971791104978185,0.3043390443873111
-26.159265159351794,-0.13971791104978185,0.3043390443873111
-26.159265159351794,-0.13971791104978185,0.3043390443873111
-35.81253370932119,-2.046928516077995,-0.26693310895716194
-37.754767745223305,-1.6229011576658183,-0.29665513557499495
-38.96808852732135,-2.415587655269652,1.5373746947959495
-36.773152526923944,-1.818668143080976,-0.8409868454598861
-24.40524055327593,-1.5876145022130077,-0.13838385159415986
-37.97567852908175,-2.6289054283537583,0.35536883330908403
3.556093800600644,-4.7913655692297095,0.9098470305236116
-8.217860480304923,11.262406304009978,-1.6662583233371848
-14.961125862793992,-0.6238219083317303,-0.566004091019629
-7.809140127385711,3.928019556377297,0.054432701791229936
-29.708226014077272,-2.429701258093079,-1.5825414887733615
-31.872327793139554,-2.94604253094715,-1.956766633685527
-18.10550050876263,8.28111558109911,0.42706079852004386
-7.809140127385711,3.928019556377297,0.054432701791229936
3.266788610857234,7.600133420337046,0.1216514495009821
-37.762338870101715,-1.6303508755543727,0.5028039286061252
66.47848359232624,-7.647328183336659,0.12772791016284066
2.3977959465930674,12.913922669709413,0.8496187052908505
-25.79763573983246,-3.2671280680730344,-1.6484338089780504
-37.76459536798456,-1.694632223549304,1.668216112651477
-37.76459536798456,-1.694632223549304,1.668216112651477
-34.840160727956274,-2.31747916674736,1.5598518872387537
-35.79782101085744,-2.1032544977826166,-0.27435831564268204
-34.58630945424516,-1.2642915857046826,1.3008803715652817
29.108800820607833,13.06328219085453,-0.8393992796539106
29.108800820607833,13.06328219085453,-0.8393992796539106
74.08888698951797,-1.1522927112092036,0.3389847282013493
-18.541664012880954,-2.809874450876234,-1.015834458543147
-42.331621945972266,-3.8134709296915483,3.141031137794829
-30.48665562676461,-1.2510641279232906,0.4573906852864084
-18.654845914180427,1.188348411138397,0.871624160692
30.632052428728482,29.164341998959706,-0.4768629216200695
-30.48665562676461,-1.2510641279232906,0.4573906852864084
-42.331621945972266,-3.8134709296915483,3.141031137794829
-36.553408807620094,-0.8586889512035923,-1.20916964348055
-41.356325830861124,-3.9366650177419786,0.938559602184723
27.153726235958903,13.497886001380337,-1.0725530293658998
-18.304481838038562,7.291410778174475,-0.7491570884557435
-25.280600305555545,3.7112822096859146,1.0364421356440168
-18.304481838038562,7.291410778174475,-0.7491570884557435
24.330416662639006,10.03931634952092,-1.0397044052640951
3.6218736353731296,13.68594730930434,-1.5557183103627645
24.330416662639006,10.03931634952092,-1.0397044052640951
41.4230739396218,-5.130211436841811,1.6491688748605575
-4.651244211151728,4.253225122190263,-0.6612980402402264
-37.42993657132832,-4.6801466957543525,-2.9523602915092635
-37.42993657132832,-4.6801466957543525,-2.9523602915092635
-38.18581073661205,-3.642855292084145,0.10584352818459204
-35.584783594692425,-1.03434104689954,-2.323535623179891
-35.80103952475316,-2.0389960038245065,-0.9928684040911306
3.8037288160504628,14.602691060516417,1.6113695416739728
-19.64637799339421,1.4674847331837966,0.6232610758551232
-40.14889838761879,-3.083031002789959,-1.8501549701391615
0.9987728865525357,11.153663021076788,-0.18525246227770942
-40.14889838761879,-3.083031002789959,-1.8501549701391615
-19.64637799339421,1.4674847331837966,0.6232610758551232
-21.8169972860639,0.9293652612243095,0.5916250150742172
-22.779501457698643,1.1747332407549584,0.8448699124056677
10.534685863007267,7.978190303936869,1.4430154410300515
-35.60020388136599,-1.0919364480384899,0.21169298478326037
-27.657238876726847,2.216245402982826,0.3883736574942397
-15.177090564407123,-1.5924107960354006,-0.8413683056455212
-13.752954368898408,9.366115734662166,-0.8982785553472478
-41.33445065430288,-3.9011686683594338,-0.6853433293543705
-19.428471518182327,2.3937796454152243,1.9831893474352038
-18.8927368263929,0.29262221564245866,0.4220297632945701
65.38689653695072,5.966815681638976,-0.44821363620465554
65.38689653695072,5.966815681638976,-0.44821363620465554
-24.178066211524055,-0.5766343082612442,-1.6202717813562568
-40.38001689692522,-4.185234323659084,2.582946680221042
-40.38001689692522,-4.185234323659084,2.582946680221042
-39.14857525069764,-3.35969244668114,-1.6403274062602424
-39.38881593640554,-4.324309081693775,-0.4301477367049163
-28.632223581891864,2.4753826476058847,-0.786048613871659
-3.13802800291268,1.8564335243677306,0.36005933857326894
-10.641935272612423,0.5019524165232362,-0.6611256926932038
8.055296330265888,10.666511566837672,-1.8082832918761012
26.513906768954676,19.816396761857472,-0.5650374191265879
-28.632223581891864,2.4753826476058847,-0.786048613871659
-33.191573531904645,0.4577775619306261,-1.3718530514265508
-32.21653305122061,0.2233317145632707,-1.2424318851646368
-34.034997294663754,-3.4962019104101563,0.0022571160732130424
-19.400368192324677,2.4566054467226874,-0.7725672467551281
1.3026356742076473,-1.2098677750247389,0.5623396777466365
-31.149993322756792,-4.182385347006633,1.5637616380639918
-8.987963832011646,12.446601759942455,-0.4558905426455267
10.213546067632057,1.9273745828674824,-1.1276712197017895
-2.352425068859048,9.955652118562458,1.6075219206592608
-6.176817266938564,6.62926092965799,0.5630080843299734
-14.081487000255999,3.29665358374262,-1.0330215293142289
-20.595201827514988,1.6958727834569904,-1.5875618387778871
-6.176817266938564,6.62926092965799,0.5630080843299734
-6.782160243951455,3.7720646678537673,3.053058842471531
5.530655791018181,-5.123696753665594,-1.7327555629123232
-4.741780374101497,17.61922316516648,-1.3730294787362578
2.309657480258301,17.038178528775735,-0.5914983876205822
6.860569485634146,9.871714781389523,-1.205865804469296
-34.513392996140645,-5.472006213070709,0.48857715964140186
-30.92832240996324,-3.20329691302096,0.5770110057580775
6.860569485634146,9.871714781389523,-1.205865804469296
-1.4048602379737942,0.3995713136995352,-0.08606177822701912
-20.25917230528754,7.839389930932613,-2.708628486751021
-27.350785979169192,-0.8649021723045772,-0.17953319745826238
27.41234583860643,-17.306502317933646,-0.43459197210743483
27.41234583860643,-17.306502317933646,-0.43459197210743483
-38.405678517074385,-4.533138162884713,0.7931846094551844
45.15399604099713,2.3028224082696482,-0.08425022127847974
8.464758388354454,12.55668182464351,1.8160525269157337
-38.405678517074385,-4.533138162884713,0.7931846094551844
-40.37434072790027,-4.227899567768911,2.7755422422855744
-31.703380847148935,-1.9569717353051974,0.48809210771667255
-32.87470894596655,-2.7246611217712124,-0.6463415062479171
-30.935062441122238,-3.2041525999762674,1.5930241523686164
-37.974750134381715,-2.6031944109477267,-0.4932530578272046
-27.982526863304507,-3.8234782604992623,-0.777308004574888
-20.608794354282995,1.7622809349295012,-1.7193169283709746
-38.427070288185654,-4.623385185223307,2.4421722517092643
-38.427070288185654,-4.623385185223307,2.4421722517092643
8.055825014047144,10.62206830152146,-0.04498452655073931
-8.578662130770224,5.109896150316674,0.803966008104711
47.57945749087391,3.8658223589122427,1.02321824306209
31.590548795291085,10.4661106569364,-0.904762555468874
-9.210016847042482,2.2112684536045206,-0.2331182803129189
47.57945749087391,3.8658223589122427,1.02321824306209
26.392755701292756,23.898398109282205,1.2560951238464027
-40.37168788229925,-4.163243685255412,1.1568580192596871
-40.31882810526289,-4.100646918719898,1.1070792663431404
-40.31882810526289,-4.100646918719898,1.1070792663431404
230.66629815778458,-29.466287589202103,1.4989452464937352
-40.38194688245627,-4.173619483320984,1.3502224831661478
241.398666342313,-31.873642077110105,1.488132693055157
26.27450860939774,9.609830415900435,-0.9386616044042514
15.741188573027777,12.999165652164384,0.6152435031983562
26.27450860939774,9.609830415900435,-0.9386616044042514
22.39636064051834,19.698738501828906,-1.2039820244520174
-39.36977009717526,-4.302972198344502,0.6145245421960555
-15.61420232310569,5.691698578677743,-0.588679379330387
-4.025835933525414,7.086629804641123,3.1033400624365353
-4.025835933525414,7.086629804641123,3.1033400624365353
32.54511695808556,19.45089483912029,2.0596699087688037
-28.532887723950303,-1.6458544951580447,-0.6813445953057886
-31.017311336950414,0.9849146239983916,-1.532776961884775
-16.182628680587065,-1.3545585184755389,0.7037958793792235
-30.22324639815868,-0.17154637534157377,-0.9239543574424952
-27.98969226727184,-3.8710522412330324,0.8266095891545806
-30.22324639815868,-0.17154637534157377,-0.9239543574424952
-30.15660874929342,-4.416515022323441,-0.20637874546610127
-32.12741712400821,-3.889158991769288,-0.5726511006992728
-30.15660874929342,-4.416515022323441,-0.20637874546610127
-8.672166272023604,9.265024588927806,0.08628737943718504
-21.36559860584838,2.914319822318105,-1.0512277076972285
-15.602317941755283,5.73660672671896,-2.3167943613564392
-21.36559860584838,2.914319822318105,-1.0512277076972285
-20.933218156390165,4.8569930592499535,-0.416865951993902
1.8376107790385179,-3.286885044640118,-2.239623657297105
-30.273822489558647,-0.2283102957257148,-0.42521176095227786
-23.230360977084402,-0.8023828277999714,0.5574326980549794
-35.235810426196906,-4.263189595494683,-0.23086278544579153
21.468834158565077,6.519533092013631,2.4719148190490885
-33.847645016611835,-2.538163736556338,-0.48348646285941554
9.87920671347993,5.189808127047989,-2.8016622791851145
-13.361623198936147,-7.109383105393012,-0.8584127789128331
-38.405673930150485,-4.608859522183224,0.14912614741648578
35.60257704112689,5.610915686188889,-2.5149755668172933
-25.039031269182452,4.768967170626432,-1.2917692053415706
-25.039031269182452,4.768967170626432,-1.2917692053415706
-25.039031269182452,4.768967170626432,-1.2917692053415706
-22.347769755690624,3.159790143269293,-1.390593326532862
-32.64120990615127,-1.6736093135441223,-2.9127945553041794
-30.49922428795237,-1.155201407686075,-0.47338591743213604
-16.906300428074644,9.105437587538347,-1.7977926879928832
-10.71648426668214,13.865211863709492,-2.081966289422357
-16.82319226882368,4.870999668995244,2.1402908045254376
-35.46289845825416,-5.19310110650849,-2.2347445975536915
-19.645061174161444,1.4643817532637042,0.25910597194234153
-37.4356536552115,-4.692917222063466,-2.9464094947992336
7.620573990862897,8.736530972155803,-1.677432921452716
44.14752758376012,2.4642346246288245,1.8320059373735038
24.729020858685917,2.73506570990736,2.4631498187687737
-37.972260463397845,-2.646012105899,0.38976088202064313
95.39455149232539,20.758690650566052,-1.809955826893163
-7.82355944134798,4.002030031800458,-1.0519577108278728
-29.03932939850185,0.588633350663591,-0.2779447094223243
-32.88640250677891,-2.7208865316615802,-0.18033571199835782
4.770386498802304,5.224598203588167,-0.4383783099498797
-34.83980021969173,-2.34361631375161,1.6705777077463622
-34.83980021969173,-2.34361631375161,1.6705777077463622
49.27439574683382,2.403086928195907,-0.22608259018677412
38.59810334831238,-8.5419091311945,-0.24894032895196783
35.49178879478477,9.587063160087144,-0.8394204120046408
25.7086921860903,2.5699976752433487,0.029072847199417405
-35.790678573372944,-2.0354092807643656,-1.5750887855233
-25.793790229220466,5.937348227169472,-1.400646457473271
27.15410302764754,13.511499697007299,-0.712021655659111
7.7309517470185165,13.765566009540679,0.20757227382262006
-27.010099117945206,-4.056739869570673,-0.8334600068150043
-33.832316863493,-2.4886974812178546,2.520640493466053
-26.36333201107992,-1.102961653480104,-0.7683119621323298
-36.79262207095404,-1.8874170455399806,1.2710454144480978
-36.2461051299677,-3.9807019829425228,-0.2324043135070159
22.985503025083467,-4.940404984040669,-2.209051989421683
-9.762425211038915,-4.871788236823002,-0.2573385945988
-8.033074619170495,2.9287480019585654,1.1369051401527204
23.59808060180192,29.718515632211794,-1.1151698208562961
-9.762425211038915,-4.871788236823002,-0.2573385945988
46.87317333429215,19.336697113469718,0.5547975769044796
53.227091455953435,-11.687539952469217,-3.2522258985811296
8.698996433731326,4.373607376068092,-1.3175505130999703
-10.318416198392823,-2.7332571181482024,1.574624299668633
-28.01118306092389,-3.870182948688214,2.030301943845847
-25.709099462336656,1.770949269337361,0.1362517812647377
-27.665352721320712,2.260835062654836,0.11779678646839856
-26.139788317502727,-0.19525803635638725,0.2856095820200043
-26.139788317502727,-0.19525803635638725,0.2856095820200043
-8.450423693065725,0.9649199906662599,0.024958542940398894
11.25065404480354,-11.671791606976647,1.154744655249265
4.349312325928546,12.511719389480545,0.16829203005626944
-4.129450941297847,-7.066029390051334,-1.8377855210725287
-34.063944977084105,-3.465287914270561,-0.9525918381425257
-36.0247951084698,-3.088433966992272,0.42580849934787934
-0.19131624247193468,10.450292120839496,-1.0691178310924954
-32.13226446187651,-3.9440619004621946,0.9771234721521475
20.298567716881788,5.817518742610427,-0.6819162144892609
20.298567716881788,5.817518742610427,-0.6819162144892609
19.257683282431422,28.64736137057249,-1.251603897757434
2.1183488161353776,6.902835448533611,-0.9045296073711893
-36.78011094504967,-1.7906913535314242,-1.384062112431248
31.02068521797064,-5.735368908321633,-2.846066863761459
-0.5533542483260839,-4.856460876417626,-0.23461868488274457
-0.5533542483260839,-4.856460876417626,-0.23461868488274457
-37.005133539622356,-2.882204734725136,0.9175962331859217
12.833710084931063,22.81410185715422,2.305458933890265
14.217108235539612,-3.0561339582270293,-1.7396273449574025
69.7064803025433,-20.594294425285213,-1.8991410102297472
-9.45486873714865,-7.94446153379997,-1.6280171680248832
-35.74287352111754,-1.9677379944543087,-0.4619464884563512
-9.45486873714865,-7.94446153379997,-1.6280171680248832
69.7064803025433,-20.594294425285213,-1.8991410102297472
-29.176458366118343,-4.645000386254537,-0.04690876224974689
-27.986732056064824,-3.7995091454269345,1.1248640093923405
-35.780899333846,-2.0471083819418454,-2.0625467232934516
-6.413700457443411,-3.4854561138445987,-1.1484331373854209
-35.78028603729159,-2.044721914022153,-2.1576667872141213
16.920237125989132,-4.676547358233644,-1.4540002756651986
10.432717122986695,2.9459508338123985,-2.088912879586873
47.93991263842977,-3.456296187705984,-0.3137474415966176
-39.157830223046595,-3.3829035255326074,-1.035793146888459
30.46778586600991,-3.61426962417775,-0.6851266376008773
47.93991263842977,-3.456296187705984,-0.3137474415966176
-39.157830223046595,-3.3829035255326074,-1.035793146888459
-37.97439064082382,-2.5944572519347213,-0.6905227408959207
-35.816807425947324,-2.055809325756578,0.008813863417449205
32.58941255278927,10.212956666951975,2.729207991832906
-0.636058395212739,8.509943431381195,-0.9412814765723808
-0.636058395212739,8.509943431381195,-0.9412814765723808
-0.636058395212739,8.509943431381195,-0.9412814765723808
7.164472048727656,6.651417878359827,1.417396551700133
-0.636058395212739,8.509943431381195,-0.9412814765723808
-22.333989762529555,3.1607130819202944,-2.11381945428217
-32.42154118768462,-0.7571260653425529,-1.6964585965227377
7.7303431641204305,4.556600280328613,-1.6507777782781654
-32.42154118768462,-0.7571260653425529,-1.6964585965227377
-35.04893068082925,-3.3138847135109404,0.899690695570097
-38.735859649855186,-1.4794082535345583,1.5003016772532507
-16.15397882637815,7.846060665278516,0.4460079715678033
30.457197132385716,-12.854535984226152,-0.6399093719891846
32.7823494829386,20.45021010398933,0.20655165288035213
-23.652101807590636,-2.7601813076868216,-0.40150451743892446
5.4238592029385595,8.106643474347297,0.5053750685564586
-2.192162150425989,1.5870410937491484,2.28284105544062
-2.192162150425989,1.5870410937491484,2.28284105544062
45.247303105844594,7.385874444061058,0.044936894668861006
-24.42930412359835,-1.5975613473767079,1.8553491611783643
-27.57456770172766,-1.988487017340085,3.9937424535969277
30.25879391637301,-4.652581319707453,0.8694600717580795
2.0074124885596634,10.962968147929569,-0.11822165577978179
-26.57241436834214,-2.147850563579379,0.3530989454802327
40.973887286788354,-6.883799388778509,-3.3360460325229027
19.750090684948386,-1.2351583638125165,-0.7733001554304058
11.054900540217313,-3.335356226512273,-0.5869868551262523
49.507829206206736,21.813409798810223,0.036379963044358775
19.750090684948386,-1.2351583638125165,-0.7733001554304058
-10.623810101302343,0.3784125695428415,1.6194447228549842
-28.85423622517513,1.5408712778895133,-1.4234525118030579
62.856278580529164,-24.022854581552618,0.31522995612728094
-30.69230069906607,-2.2130170790423898,-0.8366415146547979
-28.85423622517513,1.5408712778895133,-1.4234525118030579
-22.75590407738681,1.1126192757525306,-0.3825144176537332
-26.866068657794994,1.1036752275585184,-1.494358363724229
17.61507597421219,16.65033171732648,-0.6263547156807584
20.732202507984848,7.715951667021715,1.624147698916093
-6.523631254742153,0.5697228985200848,0.4602084860937398
37.29215570133485,-14.402602051945042,-0.2296750952664087
123.16093755608496,30.06902800104431,1.7994343644981057
-12.354468781738046,1.8836504078115461,-1.148280524210831
1.307331316989077,-1.1900451217973231,-1.1678451232054579
-12.354468781738046,1.8836504078115461,-1.148280524210831
-8.872761912097122,8.308785621967138,-1.3113369670704245
-7.4584864754922755,10.034238753300418,-1.077314108796185
-7.4584864754922755,10.034238753300418,-1.077314108796185
15.646517554526334,7.887261819508922,-0.6943474236677777
-33.831225015559816,-2.519310724098991,-1.5862339144344888
-34.81337216801771,-2.328339276049397,-0.9233995382331587
-10.288605507468997,6.5380885084141696,-0.6634275178846732
1.770891011590984,10.029937662762544,-2.0439476186433807
19.148547054104604,23.47645962849231,-0.4521800170380929
21.158393786202378,-8.640791904974327,-0.715839297316602
-13.328075457376375,2.15028451589436,-1.4441858113293429
-13.328075457376375,2.15028451589436,-1.4441858113293429
9.986318793231387,0.9206142753160661,0.1664912934011914
-21.665025297484934,6.049641645887769,-2.2124291841419548
23.021018835775333,13.348204357740878,1.7406771445452263
-20.58889706559895,1.644265096302701,-0.3546375333871085
6.61995603739402,8.89448133690661,0.13891752130670493
-10.181777617498547,2.440088941541577,-1.114440830391957
-10.181777617498547,2.440088941541577,-1.114440830391957
-27.451187096186512,3.172820937616783,1.9042395186597916
5.551814577625965,4.025299653120658,-1.35256065783793
42.17752924851015,3.094254100153303,-2.6929995840133656
15.406599219259407,7.040315471236349,-3.3774770313729414
18.872195951069994,4.1240781440440335,-1.1215317892641719
-0.4037334906438461,9.495124397451942,-2.3975017322123136
1.5692425563202026,18.204937325062,-0.5647206146499277
-9.974017454021537,3.4111585215726854,-0.6003854368106717
33.06709659072084,-10.365919659463476,-0.4125301644822882
-38.369820536967616,-4.533249681546131,0.8610855906549916
-38.39264902322256,-4.556225401322069,-1.6348249116199278
33.06709659072084,-10.365919659463476,-0.4125301644822882
-39.4030253313343,-4.369627644976984,1.021824292148133
10.003025625093116,10.202482954504635,-1.0884431918837456
10.003025625093116,10.202482954504635,-1.0884431918837456
-25.38373062457916,-1.3341144915788221,-0.6857278786677942
22.229177911277834,-3.8407593813602583,0.4394307666551492
-9.742387826585512,4.392423415615628,-1.337411422095572
1.399635313466448,3.8198273955791775,2.694211202166745
-14.852383961822458,4.544423476051624,-1.1647615726912317
-41.33644660363369,-3.87958304487722,-0.6562910087954571
62.91861263559416,-9.838417184662744,-0.7046097600923226
62.91861263559416,-9.838417184662744,-0.7046097600923226
-35.79236555510956,-2.0751853089088272,-1.1195247654089553
15.192385732111585,5.9467977408993615,-0.07525510863799312
-18.42946383216147,2.304291335462152,-2.4340441230294347
-35.77917712113695,-2.103517520954169,-1.231933594551151
15.192385732111585,5.9467977408993615,-0.07525510863799312
37.99878337760356,27.502937093621874,-0.4944679414058492
37.99878337760356,27.502937093621874,-0.4944679414058492
-17.243487575432496,3.020669044194565,-1.2401541152824846
-28.848792589822075,1.5572115672865454,-2.9560716419302175
-38.926977533952574,-2.4175182324744346,-1.237624915736603
-18.20909686269439,3.295254607971535,-3.180612051202604
11.174356728055615,1.774317188677352,-1.6828734433561625
-33.31614991207867,-4.701543736483855,0.41786277776480946
23.65522957470745,7.115775725736573,-0.34382558589163364
22.142929619857536,0.2738746275794657,-0.6705691584010145
42.30613293621907,-1.1699251820618783,-0.8605576600475084
44.78529028298135,-3.818647973419535,1.3519294090292453
-17.210454650477505,3.0125557863085337,-1.2169641915388578
44.78529028298135,-3.818647973419535,1.3519294090292453
18.573503177807723,7.224998209351924,-1.3801215835688818
42.30613293621907,-1.1699251820618783,-0.8605576600475084
-19.843765807094528,0.5696476860830284,-1.7338480298340146
-5.746208529244182,-0.6386743682200341,-0.5863500356536527
18.990485500479007,-0.003911645101132592,-1.2307641967088705
23.769438706834148,3.02264425066666,-1.126726406785992
43.697750027600854,-8.640485507036356,-0.908007999011571
-0.43766187684421354,0.31635537991744717,-3.272268979952419
-6.6440505996570245,-4.549144019712848,1.2894367862490814
43.697750027600854,-8.640485507036356,-0.908007999011571
17.565966877754025,-1.8103754504466685,0.6641651984425857
39.67062678230974,-12.913179739619686,1.1879272683042312
-0.4352086906265645,0.32590125159622135,-3.6527492356351003
-29.294441897958436,-0.4947739441066506,0.3698871510998203
9.425543545558218,3.1277426712037206,0.7177256162319591
-11.699455135789908,4.837531637426988,-1.7117953774396966
-11.699455135789908,4.837531637426988,-1.7117953774396966
-11.699455135789908,4.837531637426988,-1.7117953774396966
-11.699455135789908,4.837531637426988,-1.7117953774396966
-8.876364867500449,-0.9385485900809633,-2.003706390836965
43.69920243659194,-8.636808066298531,-0.9770138565304924
43.69920243659194,-8.636808066298531,-0.9770138565304924
23.367541782470717,10.25694576371776,0.1372321677552754
-23.111428044431722,-4.949627991601184,-0.2870054287155334
0.6472443724578958,-4.156842617556659,0.5520357839893898
-37.19604601524857,-3.8108902249937198,-1.4795722174972739
-5.632611524717376,4.539535474283397,-1.6865001605905636
-20.148410702299422,3.6488814230139472,-2.5577301600943514
-20.148410702299422,3.6488814230139472,-2.5577301600943514
-20.148410702299422,3.6488814230139472,-2.5577301600943514
-15.725022312424647,0.5978933398135259,-1.061151471021282
-15.725022312424647,0.5978933398135259,-1.061151471021282
-15.725022312424647,0.5978933398135259,-1.061151471021282
-14.849586160146998,4.494845406102643,-0.8843245083994734
-15.725022312424647,0.5978933398135259,-1.061151471021282
-27.567149397827716,-1.962555731631131,2.8782544337184444
-19.305749627860894,-1.6864871548865379,-0.2478731924852362
-35.02727166630249,-3.224579285450888,-2.530900974906246
-35.5624529072994,-1.1136027417746959,-1.4514103954329114
-35.5624529072994,-1.1136027417746959,-1.4514103954329114
-4.201895016924568,6.230613701888724,-1.252790692994705
29.412300560153238,9.882860659432128,0.7626581180395405
-2.185434157220692,-7.52838559137104,-1.3415336539564429
9.867987376655089,-4.131945872071334,-0.976494767108753
9.867987376655089,-4.131945872071334,-0.976494767108753
-19.95059372619975,-4.602051888221465,-1.3407390480038561
-16.483916464400373,-7.405896026847435,-2.5544307568087614
-20.605441047009457,-7.505746636862046,-2.571020396459163
22.46731392692963,6.39503598355737,-0.7980476516744437
58.22350232582762,23.98462443262509,0.5852055812468826
-20.208619149934858,-5.682021803006677,2.6824026304328417
-9.336400871711938,-2.925371723494658,0.6279723306468727
6.724411771681862,-4.464283948621581,-0.1464023661072338
-20.208619149934858,-5.682021803006677,2.6824026304328417
15.071496767906886,-8.399318308570116,-0.6611699597523976
-16.38627065278201,-2.299200125998794,-1.4061519847524633
-5.635972547614218,-4.76359513327493,-0.7152821119970706
-2.7120824356763062,-5.409723884493781,-1.3585392206611941
55.607370309340126,-19.478862738727415,-1.605521527434314
26.890350005327054,-5.906509297569138,-0.4095157177630927
-40.121169753082555,-3.1499707279157776,-2.2320772378799294
18.210242643099285,-8.099174871917405,0.07245394748850907
-34.0568465948131,-3.453619128790957,-0.7938265524466477
18.210242643099285,-8.099174871917405,0.07245394748850907
45.48877275409967,8.371863768785317,0.0816884864325476
-17.002294699711115,3.926763392138726,-1.9788280615152904
51.60884871817344,-14.513766195557736,-1.3495900357624468
-17.03730312248403,-5.294453651071624,-0.6285982585384835
28.4257496730383,1.026416001599568,-2.984967947417591
-19.300329048713287,-1.6699905083290492,-1.2822684482341282
-12.254132273382307,-2.213580247802311,-0.8624857892662245
-12.254132273382307,-2.213580247802311,-0.8624857892662245
-23.533406296315352,-6.873651184593367,-1.9096929095331394
59.1093810388908,-3.9232947259291193,-0.3323767591666291
59.1093810388908,-3.9232947259291193,-0.3323767591666291
37.53160057955958,-4.191679261289926,-1.3402787645416248
41.581454251953005,9.233949227153428,0.2611086292019414
-24.613038893450867,-2.549161921883328,-1.2464220392807874
-24.613038893450867,-2.549161921883328,-1.2464220392807874
0.5732164744615065,-9.137717974388607,-0.8497914968378494
67.3808728428306,5.520368294040844,-1.3187129215236502
-13.334368028533104,2.1832322536294657,-2.366926979246483
-15.520286885120218,-7.650665409952753,-0.6205623068092332
-36.0057207148601,-3.063339867410461,-1.7237256731726238
12.91265094757972,0.29589198585610815,-0.44213023289677933
28.35545070871847,5.078705898546459,-1.2564074693383982
-36.45272707727162,-5.038035829583409,-0.1832002901520589
-37.205841837534535,-3.857873978007999,-0.1306022806092339
56.3863319855247,-11.490699550312836,-1.1804021675550327
-18.64702597271528,1.2791822252415332,-1.3209686314059503
-23.208840066028458,-0.7742260782846824,-1.2865676931540826
95.98498163998885,-3.9981269484682,-0.30277175859830635
95.98498163998885,-3.9981269484682,-0.30277175859830635
-24.093576758802378,-4.675532063673941,-1.0301866571169638
-35.47908460034165,-5.192655458737209,-1.3374457503901633
-1.3053239509287315,-3.659869427266093,-0.34881334214563253
-11.711728442110218,4.838805808552461,-0.6168495335834493
-25.57767030034656,-2.282095770104034,0.5035917090690565
12.635830799236876,21.939147016027935,-1.8703187005182067
10.538817308875146,17.26787978339282,0.10768218899875708
12.635830799236876,21.939147016027935,-1.8703187005182067
-32.11330185683539,-3.8784163637022515,-2.1087487764824004
-28.515122549515933,-1.6167401411079907,-1.9809716519301552
-25.57767030034656,-2.282095770104034,0.5035917090690565
40.63994401375693,-13.143607443664648,1.2209986943424576
-33.525112175581725,-5.73313405827534,1.3037972973925251
-29.484535160035037,-1.4300747148936384,-2.4461846594682193
-33.525112175581725,-5.73313405827534,1.3037972973925251
-8.126490335917982,7.134655269624273,-0.8344349892159418
-29.615480464971032,-6.558792754425473,-1.0212959817241274
87.96282342789611,-3.2165189559508764,-0.47791141157891276
-29.615480464971032,-6.558792754425473,-1.0212959817241274
13.035893621570683,5.387215373366006,-0.9028385678676706
13.382095565017178,20.730855114967785,-0.9593171650547261
-15.474923437307519,1.6084028206186833,-1.614177523368624
-24.626396519138684,-2.5637535377574077,-0.40263224292123506
-24.626396519138684,-2.5637535377574077,-0.40263224292123506
14.74736768936183,4.022901797654809,-0.6964408299401871
-25.05613829991015,-4.473454399155198,-0.9321009339830251
10.756101817657992,8.989002994079335,-0.5455413198016469
24.87154557635482,17.095459239319556,-0.1227179893620561
0.9864059071627923,1.9624736997934087,-1.08416686302415
26.235487253763708,-8.820424709074057,-0.844162951657414
-37.425627016799346,-4.721789052213571,-2.836537751308779
-22.009062311130712,0.0008996165772483533,-2.306964041649303
56.0213114760982,27.61508893940114,6.240679366173328
56.0213114760982,27.61508893940114,6.240679366173328
44.904376969161866,1.235639821475126,1.5646163186390805
-7.450195071701726,0.844941862729116,-0.9073106393829343
-40.34530231811268,-4.123174536234167,-1.778363328676164
47.73223793025131,4.820116888149311,-0.8306450365433994
-18.219225914258438,3.237691435527911,-1.147579322139486
50.994977479478,-8.187815721341835,-0.06470956713242566
-15.592165214895315,5.687592865103907,-1.5143775228234668
-25.599475469815435,-2.2882541629764916,-1.8071634333227382
47.732025935126,4.820604813239153,-0.8318644132459754
50.99476548435273,-8.187327796251996,-0.06592894383500265
-15.592165214895315,5.687592865103907,-1.5143775228234668
-5.934466317376188,7.619684131337236,-1.5374333138110077
12.639283321057896,21.888508468973264,-1.0942967211816512
-17.247867162061837,3.03040637439481,-1.0852841522928371
-18.219225914258438,3.237691435527911,-1.147579322139486
-30.4792932229509,-1.192262652852569,-0.49228677029333434
10.98905766299759,19.240707159645332,-1.3482989407195956
40.04010398911723,2.39858753195894,-0.6704182183822607
-24.86732183703356,-3.593500267390616,3.0064586791494947
-30.256959937610244,-0.21065063585315086,-2.139726201360589
46.34491799289243,12.322126209313442,-2.01396568429653
40.04010398911723,2.39858753195894,-0.6704182183822607
-27.552870136266073,-1.9043930860173057,-0.3246839178805942
-32.664529091282255,-1.7296253950546419,-0.7327190842768305
21.08055593984877,13.886991157528279,-1.540206223854322
-34.795742852888715,-2.283885891186143,-2.4373554687933234
-15.495991185748073,1.5947686462458999,-1.5361810640657627
-7.692937881662303,-0.15146762810804057,-1.4363321894401395
10.349382255326725,16.25594898726978,-1.3600620918874489
10.349382255326725,16.25594898726978,-1.3600620918874489
10.658359816925683,13.13063331345134,-0.6908503166424795
-13.420504057713615,6.239638057009784,-1.6981226631218709
10.658359816925683,13.13063331345134,-0.6908503166424795
3.3919370102284803,3.4467957333899295,-1.1854538264273244
-23.65729717629025,-2.834715134919646,1.1334642144561642
-31.44067492754173,-0.9346131909963452,-1.4750844806770298
-0.8493445517016872,7.520180341826556,-0.4965337051888554
-1.836162518073859,-1.4607860734961315,-2.439571924924168
41.79923465798663,23.60813384722193,5.332201120065285
41.514405639792045,-9.054675872822433,-3.0550155605761327
41.79923465798663,23.60813384722193,5.332201120065285
41.51419364466676,-9.05418794773259,-3.0562349372787083
-34.4478930436679,-5.419351621334061,-0.6876646422675982
-25.151940473276625,-0.3714875172172339,-0.09744865740553457
-34.79796184930559,-2.2743175830994358,-3.1781573271501204
-25.151940473276625,-0.3714875172172339,-0.09744865740553457
-39.36294399827953,-4.35570277552629,-1.4930748155179243
-35.79706267019943,-2.096477006802115,-0.7014838736578938
-37.19497554955072,-3.7994805662863738,-1.960533528074464
-22.657293404294784,-2.9725959391102603,-1.5463853856736798
-24.392343204541774,-1.5462641100393,-1.7332451421650645
-30.24513382458672,-0.21077122714207286,-2.571401367854994
-35.02772832938373,-3.2164268088452967,-3.127057838588922
-37.19850781485782,-3.762091283085621,-2.3525967549743356
-29.51179762825417,-1.395356157999051,-1.529132818987577
-35.02772832938373,-3.2164268088452967,-3.127057838588922
-29.93849185268765,-3.3436475404831465,-2.5829294989338836
99.65120798981636,-15.063503887445515,-0.7393312599143892
-18.211360630986356,3.2324857108297422,-2.057255690936217
-18.21013404860889,3.2207932663671373,-1.433508454775556
99.65120798981636,-15.063503887445515,-0.7393312599143892
-31.67059333513763,-1.9351178446707062,-1.6135255317276982
-34.59128142610488,-1.2817701350363793,-1.8792024903121993
-31.67059333513763,-1.9351178446707062,-1.6135255317276982
-32.421579865380366,-0.8043259960723674,-1.2311011093414044
18.255083324262955,1.169606883371766,0.08448609184026232
13.023229788348246,-3.8083485516540807,-1.0679283044703771
-33.83163822491005,-2.461269193292876,-2.1904698441640225
-36.014058779307405,-3.027187289055712,-1.0217054265551482
-35.77242610659483,-2.0927109424984454,-2.102365407057028
-33.83829322936199,-2.483823730659452,-1.7888934416975248
-36.014058779307405,-3.027187289055712,-1.0217054265551482
-20.698312510857555,5.826222525190158,-1.1952251293659626
-27.771598348256635,-2.8578494500485534,-0.8029126428704775
3.722604120578376,9.57555039997366,-1.6783894703597075
-18.29982149614136,7.316713864771806,-1.248736047654069
-29.810310390471628,1.7417383827732054,-2.0029534015663235
18.330836912184672,-2.9153591263234806,-2.0215710322275307
18.13695622720437,-3.8954280676070883,-0.8837095002416157
18.13685022964173,-3.8951841050621665,-0.8843191885929043
12.824095486521124,4.471237985072834,-2.091384917555635
0.4704025749323977,13.380606213126502,-1.60688945461188
-27.7611577183373,-2.8509345381427034,-1.1504346042471267
-19.389245671069048,2.4638057997717127,-1.696812819347277
0.4704025749323977,13.380606213126502,-1.60688945461188
-24.38253538221944,-1.580354185059323,-1.711671398340838
12.824095486521124,4.471237985072834,-2.091384917555635
17.05860684529333,9.642166655735606,-1.3920491701980522
1.870383667485814,5.904937097333864,-2.2033245829303247
-11.685947719942055,4.817556546653741,-1.638079263627049
-7.78669393877202,3.950882665511605,-1.4490940856416297
-22.116399360395167,4.093865627367792,-1.396312560719101
13.34900943541232,2.260889004502958,-0.3466945984674067
11.118671739702778,24.29249797565403,-0.7615470608884122
-29.2793842018341,-0.41891490505951146,-1.866541434565591
-18.62765370614954,1.2844129790193932,-2.1436215871579503
-23.40344011739397,7.44455897808043,-1.1123071541890868
40.15621347871558,7.484199844026156,-0.18688718032420323
-17.676699398786628,1.0937613031700544,-1.6926039552164385
-11.372113906953992,1.6783308201288945,-1.322492815562334
0.3533085566087289,8.294687081067256,-2.1305650658655177
-14.176515354244026,7.472536341135474,-2.8551973199164586
-20.15596875759559,3.693201044442633,-2.154794027716729
17.176182731644978,14.718462317466335,-0.9449174732609722
-15.162749978383308,-1.4936521463470274,-1.6237407727281503
3.1482082873025674,2.535192808043216,-0.8354983849512801
-5.388490413932245,14.69344188797555,-1.4671432982069401
-27.231249606666477,4.116101160094426,2.578014528890072
-27.660889046820042,2.2544710980587808,0.0440930808706894
-17.985811792648178,4.198093429011612,-1.884986758411862
-19.7160337402356,5.592269617928931,-1.4204195641142132
-20.8215974654253,0.7565285265937557,-2.376315642446459
4.110798766940489,2.190995656859884,2.638527942417309
-21.692127356444747,6.069606354201817,-0.9120267964127677
-19.709602661081494,5.58305919667826,-1.2261765144927301
-18.514443222126484,6.337952047695231,-1.2024923664113676
10.89320771043641,14.15625426060046,-1.3226103913579506
-17.54081859846293,6.113023042202502,-1.040289463040067
-23.08418511120103,4.3356543436095984,-1.7089038787798472
-22.118523134371937,4.104268804684582,-1.4203158802002254
-26.658160357508333,2.0365332265789933,-1.845121520617403
-23.08418511120103,4.3356543436095984,-1.7089038787798472
77.88819578152355,33.94292256817984,0.7561421368758073
85.79031297458214,-3.7588695970086454,-0.4476374025691241
85.79031297458214,-3.7588695970086454,-0.4476374025691241
85.79031297458214,-3.7588695970086454,-0.4476374025691241
-26.664837148518554,2.0222147043196164,-1.3128648085456802
-26.664837148518554,2.0222147043196164,-1.3128648085456802
-26.664837148518554,2.0222147043196164,-1.3128648085456802
-2.143360907026806,10.895430420354389,-1.5322093138596686
7.1753520029321365,6.762043983022558,-1.476288817022435
-26.664837148518554,2.0222147043196164,-1.3128648085456802
-2.3515773622316156,9.872873845975768,-1.3431387737468121
-12.356971218468091,1.9397122291028843,-2.2385210548698087
-10.510116185546137,5.6324027099214895,-1.8712841270027294
-21.134110363557763,3.90226764608964,-1.9330803423590683
60.32998859422452,6.059272232454661,-0.750859105154301
3.2529711151130294,-1.5368489484973291,-2.3414808536721248
46.096562562372036,-2.8203755751164956,0.769223339169885
-26.68007046823451,2.0532082747588203,-0.9413925596165673
-17.025550007472823,3.951108230328444,-0.504093936865521
-19.599167267951923,1.562556736294593,-1.391393964729228
-26.457221582640614,3.0343305878248925,-1.7128435772574344
-12.334772707944447,11.137898138457485,-2.1774406233673576
-21.48101540949973,-2.1785964842023855,-1.0569551851308998
-12.334772707944447,11.137898138457485,-2.1774406233673576
-19.61589064915897,1.5257067776075321,-2.262708925634204
53.82331587664805,4.476888811970303,-1.8845904863879253
-10.390912899142657,10.722259624313615,-1.339392299139818
2.8344114368487863,5.685142292037259,-0.922932810670072
17.165705080952865,14.751022590771262,-0.46447947107025905
-17.548992249265908,6.178271875716222,-2.5666427624482724
58.137763400876786,5.587333946776307,-0.8264514575189891
34.679769948061285,5.7541660393410705,0.07048197023599079
-8.975917517118036,12.44567737240515,-1.9426666313832404
-19.940907538494173,4.68434802534087,-3.052603626590779
-3.432930963242079,14.274276937623105,-1.732278543849926
-5.60006070549007,13.698393139769069,-1.337926861437359
1.1318059508245988,16.304659034109687,-1.912271395175446
9.488266463590655,21.630750996359044,-1.9681442404696936
-3.432930963242079,14.274276937623105,-1.732278543849926
1.1355738480455848,16.307692380312115,-2.189553180382751
-3.8759205659445573,3.130111725345538,-1.8424848295381653
